PV,OP,,,,pv = (PV1 - mean(PV)),op = (OP1 - mean(OP),,x1 = op^2,x2 = pv^2,,b1
-0.49218,0.89177,,meanPV,,-0.492180108,0.891769937,,0.795253621,0.242241259,,1
-0.33228,0.8679,,1.08E-07,,-0.332280108,0.867899937,,0.753250301,0.11041007,,1
-0.18601,0.84371,,,,-0.186010108,0.843709937,,0.711846458,0.03459976,,1
-0.020872,0.8126,,meanOP,,-0.020872108,0.812599937,,0.660318658,0.000435645,,1
0.11408,0.78454,,6.301E-08,,0.114079892,0.784539937,,0.615502913,0.013014222,,1
0.14446,0.77584,,,,0.144459892,0.775839937,,0.601927608,0.02086866,,1
0.40494,0.71802,,1.08E-07,,0.404939892,0.718019937,,0.51555263,0.163976316,,1
0.45073,0.70024,,6.30E-08,,0.450729892,0.700239937,,0.490335969,0.203157436,,1
0.47641,0.68578,,,,0.476409892,0.685779937,,0.470294122,0.226966385,,1
0.51801,0.66744,,,,0.518009892,0.667439937,,0.445476069,0.268334248,,1
0.72734,0.61289,,,,0.727339892,0.612889937,,0.375634075,0.529023318,,1
0.78462,0.58621,,,,0.784619892,0.586209937,,0.34364209,0.615628375,,1
1.0458,0.51539,,,,1.045799892,0.515389937,,0.265626787,1.093697414,,1
1.0202,0.4998,,,,1.020199892,0.499799937,,0.249799977,1.04080782,,1
1.0281,0.47765,,,,1.028099892,0.477649937,,0.228149462,1.056989388,,1
1.0896,0.44404,,,,1.089599892,0.444039937,,0.197171466,1.187227925,,1
1.0303,0.43468,,,,1.030299892,0.434679937,,0.188946648,1.061517867,,1
1.0724,0.4051,,,,1.072399892,0.405099937,,0.164105959,1.150041528,,1
1.0188,0.39487,,,,1.018799892,0.394869937,,0.155922267,1.03795322,,1
1.1842,0.33953,,,,1.184199892,0.339529937,,0.115280578,1.402329384,,1
1.2424,0.30348,,,,1.242399892,0.303479937,,0.092100072,1.543557492,,1
1.179,0.29189,,,,1.178999892,0.291889937,,0.085199735,1.390040745,,1
1.2411,0.25512,,,,1.241099892,0.255119937,,0.065086182,1.540328942,,1
1.2536,0.22755,,,,1.253599892,0.227549937,,0.051778974,1.571512689,,1
1.3948,0.17262,,,,1.394799892,0.172619937,,0.029797643,1.945466739,,1
1.4851,0.12557,,,,1.485099892,0.125569937,,0.015767809,2.205521689,,1
1.4958,0.093511,,,,1.495799892,0.093510937,,0.008744295,2.237417317,,1
1.4957,0.063498,,,,1.495699892,0.063497937,,0.004031988,2.237118167,,1
1.5224,0.027852,,,,1.522399892,0.027851937,,0.00077573,2.317701431,,1
1.4319,0.016372,,,,1.431899892,0.016371937,,0.00026804,2.050337301,,1
1.461,-0.018523,,,,1.460999892,-0.018523063,,0.000343104,2.134520684,,1
1.4283,-0.040955,,,,1.428299892,-0.040955063,,0.001677317,2.040040581,,1
1.501,-0.084964,,,,1.500999892,-0.084964063,,0.007218892,2.253000676,,1
1.4742,-0.10946,,,,1.474199892,-0.109460063,,0.011981505,2.173265322,,1
1.6059,-0.16682,,,,1.605899892,-0.166820063,,0.027828933,2.578914463,,1
1.5676,-0.19099,,,,1.567599892,-0.190990063,,0.036477204,2.457369421,,1
1.6244,-0.23443,,,,1.624399892,-0.234430063,,0.054957454,2.638675009,,1
1.5682,-0.2552,,,,1.568199892,-0.255200063,,0.065127072,2.459250901,,1
1.4322,-0.258,,,,1.432199892,-0.258000063,,0.066564033,2.051196531,,1
1.4834,-0.29756,,,,1.483399892,-0.297560063,,0.088541991,2.20047524,,1
1.476,-0.32578,,,,1.475999892,-0.325780063,,0.106132649,2.178575681,,1
1.3884,-0.33697,,,,1.388399892,-0.336970063,,0.113548823,1.92765426,,1
1.4512,-0.37808,,,,1.451199892,-0.378080063,,0.142944534,2.105981127,,1
1.4932,-0.41609,,,,1.493199892,-0.416090063,,0.173130941,2.229645917,,1
1.4746,-0.44215,,,,1.474599892,-0.442150063,,0.195496678,2.174444841,,1
1.5876,-0.49558,,,,1.587599892,-0.495580063,,0.245599599,2.520473417,,1
1.5029,-0.50961,,,,1.502899892,-0.509610063,,0.259702416,2.258708085,,1
1.4425,-0.52704,,,,1.442499892,-0.527040063,,0.277771228,2.080805938,,1
1.4726,-0.56236,,,,1.472599892,-0.562360063,,0.31624884,2.168550442,,1
1.5196,-0.60186,,,,1.519599892,-0.601860063,,0.362235535,2.309183832,,1
1.4847,-0.625,,,,1.484699892,-0.625000063,,0.390625079,2.204333769,,1
1.481,-0.65404,,,,1.480999892,-0.654040063,,0.427768404,2.19336068,,1
1.4215,-0.67125,,,,1.421499892,-0.671250063,,0.450576647,2.020661943,,1
1.6051,-0.7385,,,,1.605099892,-0.738500063,,0.545382343,2.576345663,,1
1.7118,-0.79322,,,,1.711799892,-0.793220063,,0.629198068,2.93025887,,1
1.5315,-0.78957,,,,1.531499892,-0.789570063,,0.623420884,2.345491919,,1
1.6674,-0.84898,,,,1.667399892,-0.848980063,,0.720767147,2.7802224,,1
1.5494,-0.85758,,,,1.549399892,-0.857580063,,0.735443564,2.400640025,,1
1.52,-0.88248,,,,1.519999892,-0.882480063,,0.778771062,2.310399672,,1
1.5632,-0.92211,,,,1.563199892,-0.922110063,,0.850286968,2.443593902,,1
1.5273,-0.94594,,,,1.527299892,-0.945940063,,0.894802603,2.33264496,,1
1.6235,-0.99688,,,,1.623499892,-0.996880063,,0.99376986,2.635751899,,1
1.4851,-1.0004,,,,1.485099892,-1.000400063,,1.000800286,2.205521689,,1
1.1405,-0.95778,,,,1.140499892,-0.957780063,,0.917342649,1.300740004,,1
0.89749,-0.92962,,,,0.897489892,-0.929620063,,0.864193462,0.805488106,,1
0.70323,-0.90689,,,,0.703229892,-0.906890063,,0.822449586,0.494532281,,1
0.61638,-0.9029,,,,0.616379892,-0.902900063,,0.815228524,0.379924171,,1
0.45559,-0.88157,,,,0.455589892,-0.881570063,,0.777165776,0.20756215,,1
0.37729,-0.87442,,,,0.377289892,-0.874420063,,0.764610447,0.142347663,,1
0.24434,-0.85418,,,,0.244339892,-0.854180063,,0.72962358,0.059701983,,1
0.02191,-0.81241,,,,0.021909892,-0.812410063,,0.66001011,0.000480043,,1
-0.079613,-0.79168,,,,-0.079613108,-0.791680063,,0.626757322,0.006338247,,1
-0.25836,-0.75264,,,,-0.258360108,-0.752640063,,0.566467064,0.066749945,,1
-0.39967,-0.7179,,,,-0.399670108,-0.717900063,,0.5153805,0.159736195,,1
-0.3789,-0.7145,,,,-0.378900108,-0.714500063,,0.51051034,0.143565292,,1
-0.61498,-0.65736,,,,-0.614980108,-0.657360063,,0.432122252,0.378200533,,1
-0.81428,-0.60324,,,,-0.814280108,-0.603240063,,0.363898574,0.663052094,,1
-0.78496,-0.59333,,,,-0.784960108,-0.593330063,,0.352040564,0.616162371,,1
-0.93673,-0.54582,,,,-0.936730108,-0.545820063,,0.297919541,0.877463295,,1
-0.95096,-0.52427,,,,-0.950960108,-0.524270063,,0.274859099,0.904325127,,1
-0.95249,-0.5051,,,,-0.952490108,-0.505100063,,0.255126074,0.907237406,,1
-1.008,-0.47453,,,,-1.008000108,-0.474530063,,0.225178781,1.016064218,,1
-1.0796,-0.43944,,,,-1.079600108,-0.439440063,,0.193107569,1.165536393,,1
-1.1108,-0.41141,,,,-1.110800108,-0.411410063,,0.16925824,1.23387688,,1
-1.0445,-0.40333,,,,-1.044500108,-0.403330063,,0.16267514,1.090980476,,1
-1.1473,-0.36092,,,,-1.147300108,-0.360920063,,0.130263292,1.316297538,,1
-1.1327,-0.34122,,,,-1.132700108,-0.341220063,,0.116431131,1.283009535,,1
-1.2209,-0.30012,,,,-1.220900108,-0.300120063,,0.090072052,1.490597074,,1
-1.1987,-0.28051,,,,-1.198700108,-0.280510063,,0.078685895,1.436881949,,1
-1.2853,-0.23843,,,,-1.285300108,-0.238430063,,0.056848895,1.651996368,,1
-1.2096,-0.22884,,,,-1.209600108,-0.228840063,,0.052367774,1.463132421,,1
-1.2415,-0.19805,,,,-1.241500108,-0.198050063,,0.039223827,1.541322518,,1
-1.1673,-0.18901,,,,-1.167300108,-0.189010063,,0.035724804,1.362589542,,1
-1.2179,-0.15512,,,,-1.217900108,-0.155120063,,0.024062234,1.483280673,,1
-1.215,-0.13152,,,,-1.215000108,-0.131520063,,0.017297527,1.476225262,,1
-1.1877,-0.11312,,,,-1.187700108,-0.113120063,,0.012796149,1.410631547,,1
-1.2358,-0.079343,,,,-1.235800108,-0.079343063,,0.006295322,1.527201907,,1
-1.3268,-0.035573,,,,-1.326800108,-0.035573063,,0.001265443,1.760398527,,1
-1.366,-0.00091159,,,,-1.366000108,-0.000911653,,8.31111E-07,1.865956295,,1
-1.4531,0.044634,,,,-1.453100108,0.044633937,,0.001992188,2.111499924,,1
-1.586,0.10159,,,,-1.586000108,0.101589937,,0.010320515,2.515396343,,1
-1.5128,0.11775,,,,-1.512800108,0.117749937,,0.013865048,2.288564167,,1
-1.4429,0.13314,,,,-1.442900108,0.133139937,,0.017726243,2.081960722,,1
-1.4229,0.15765,,,,-1.422900108,0.157649937,,0.024853503,2.024644717,,1
-1.4524,0.19219,,,,-1.452400108,0.192189937,,0.036936972,2.109466074,,1
-1.4797,0.22687,,,,-1.479700108,0.226869937,,0.051469968,2.18951241,,1
-1.3877,0.23695,,,,-1.387700108,0.236949937,,0.056145273,1.92571159,,1
-1.3861,0.26423,,,,-1.386100108,0.264229937,,0.06981746,1.921273509,,1
-1.3004,0.27376,,,,-1.300400108,0.273759937,,0.074944503,1.691040441,,1
-1.3047,0.30055,,,,-1.304700108,0.300549937,,0.090330265,1.702242372,,1
-1.2627,0.31766,,,,-1.262700108,0.317659937,,0.100907836,1.594411563,,1
-1.4398,0.38013,,,,-1.439800108,0.380129937,,0.144498769,2.073024351,,1
-1.4689,0.41493,,,,-1.468900108,0.414929937,,0.172166853,2.157667527,,1
-1.3984,0.42933,,,,-1.398400108,0.429329937,,0.184324195,1.955522862,,1
-1.2969,0.43577,,,,-1.296900108,0.435769937,,0.189895438,1.68194989,,1
-1.4873,0.50172,,,,-1.487300108,0.501719937,,0.251722895,2.212061611,,1
-1.4757,0.52889,,,,-1.475700108,0.528889937,,0.279724565,2.177690809,,1
-1.3369,0.52901,,,,-1.336900108,0.529009937,,0.279851513,1.787301899,,1
-1.3801,0.56474,,,,-1.380100108,0.564739937,,0.318931196,1.904676308,,1
-1.4627,0.60963,,,,-1.462700108,0.609629937,,0.37164866,2.139491606,,1
-1.5705,0.66149,,,,-1.570500108,0.661489937,,0.437568937,2.466470589,,1
-1.5391,0.68615,,,,-1.539100108,0.686149937,,0.470801736,2.368829142,,1
-1.4892,0.70629,,,,-1.489200108,0.706289937,,0.498845475,2.217716962,,1
-1.4702,0.73196,,,,-1.470200108,0.731959937,,0.535765349,2.161488358,,1
-1.4871,0.76479,,,,-1.487100108,0.764789937,,0.584903648,2.211466731,,1
-1.483,0.79355,,,,-1.483000108,0.793549937,,0.629721502,2.19928932,,1
-1.4371,0.8134,,,,-1.437100108,0.813399937,,0.661619457,2.06525672,,1
-1.3896,0.83199,,,,-1.389600108,0.831989937,,0.692207255,1.93098846,,1
-1.5363,0.8906,,,,-1.536300108,0.890599937,,0.793168248,2.360218022,,1
-1.4684,0.90689,,,,-1.468400108,0.906889937,,0.822449358,2.156198877,,1
-1.5175,0.94648,,,,-1.517500108,0.946479937,,0.895824271,2.302806578,,1
-1.2711,0.92492,,,,-1.271100108,0.924919937,,0.85547689,1.615695485,,1
-1.1404,0.9228,,,,-1.140400108,0.922799937,,0.851559724,1.300512406,,1
-0.87079,0.8888,,,,-0.870790108,0.888799937,,0.789965328,0.758275412,,1
-0.66604,0.86305,,,,-0.666040108,0.863049937,,0.744855194,0.443609425,,1
-0.61169,0.86492,,,,-0.611690108,0.864919937,,0.748086497,0.374164788,,1
-0.50921,0.85555,,,,-0.509210108,0.855549937,,0.731965695,0.259294934,,1
-0.23547,0.80801,,,,-0.235470108,0.808009937,,0.652880058,0.055446172,,1
-0.074587,0.77879,,,,-0.074587108,0.778789937,,0.606513766,0.005563237,,1
-0.125,0.7909,,,,-0.125000108,0.790899937,,0.62552271,0.015625027,,1
0.062657,0.75382,,,,0.062656892,0.753819937,,0.568244497,0.003925886,,1
0.2175,0.7199,,,,0.217499892,0.719899937,,0.518255919,0.047306203,,1
0.25736,0.70712,,,,0.257359892,0.707119937,,0.500018605,0.066234114,,1
0.2897,0.69511,,,,0.289699892,0.695109937,,0.483177825,0.083926027,,1
0.45511,0.6544,,,,0.455109892,0.654399937,,0.428239278,0.207125014,,1
0.47436,0.64119,,,,0.474359892,0.641189937,,0.411124535,0.225017307,,1
0.64329,0.59602,,,,0.643289892,0.596019937,,0.355239765,0.413821885,,1
0.71671,0.56761,,,,0.716709892,0.567609937,,0.322181041,0.513673069,,1
0.66397,0.56433,,,,0.663969892,0.564329937,,0.318468278,0.440856017,,1
0.83076,0.51581,,,,0.830759892,0.515809937,,0.266059891,0.690161998,,1
0.82711,0.49988,,,,0.827109892,0.499879937,,0.249879951,0.684110773,,1
0.86868,0.47449,,,,0.868679892,0.474489937,,0.2251407,0.754604755,,1
1.0785,0.4128,,,,1.078499892,0.412799937,,0.170403788,1.163162017,,1
1.0662,0.39373,,,,1.066199892,0.393729937,,0.155023263,1.13678221,,1
1.0757,0.37031,,,,1.075699892,0.370309937,,0.137129449,1.157130258,,1
1.1734,0.32809,,,,1.173399892,0.328089937,,0.107643007,1.376867307,,1
1.2641,0.28541,,,,1.264099892,0.285409937,,0.081458832,1.597948537,,1
1.1986,0.27382,,,,1.198599892,0.273819937,,0.074977358,1.436641701,,1
1.1551,0.25892,,,,1.155099892,0.258919937,,0.067039534,1.33425576,,1
1.1238,0.2423,,,,1.123799892,0.242299937,,0.058709259,1.262926197,,1
1.2094,0.20167,,,,1.209399892,0.201669937,,0.040670763,1.462648099,,1
1.2134,0.17653,,,,1.213399892,0.176529937,,0.031162819,1.472339298,,1
1.2638,0.14153,,,,1.263799892,0.141529937,,0.020030723,1.597190167,,1
1.3588,0.096111,,,,1.358799892,0.096110937,,0.009237312,1.846337146,,1
1.4119,0.057629,,,,1.411899892,0.057628937,,0.003321094,1.993461305,,1
1.3098,0.05081,,,,1.309799892,0.050809937,,0.00258165,1.715575757,,1
1.2476,0.037599,,,,1.247599892,0.037598937,,0.00141368,1.556505491,,1
1.3265,-0.0041032,,,,1.326499892,-0.004103263,,1.68368E-05,1.759601963,,1
1.3619,-0.038208,,,,1.361899892,-0.038208063,,0.001459856,1.854771316,,1
1.4092,-0.075535,,,,1.409199892,-0.075535063,,0.005705546,1.985844336,,1
1.4059,-0.10315,,,,1.405899892,-0.103150063,,0.010639935,1.976554506,,1
1.2705,-0.10283,,,,1.270499892,-0.102830063,,0.010574022,1.614169976,,1
1.2374,-0.12138,,,,1.237399892,-0.121380063,,0.01473312,1.531158493,,1
1.2407,-0.14695,,,,1.240699892,-0.146950063,,0.021594321,1.539336222,,1
1.2641,-0.17681,,,,1.264099892,-0.176810063,,0.031261798,1.597948537,,1
1.309,-0.21169,,,,1.308999892,-0.211690063,,0.044812683,1.713480717,,1
1.3285,-0.24209,,,,1.328499892,-0.242090063,,0.058607599,1.764911963,,1
1.3013,-0.26305,,,,1.301299892,-0.263050063,,0.069195336,1.693381409,,1
1.3464,-0.2987,,,,1.346399892,-0.298700063,,0.089221728,1.812792669,,1
1.3665,-0.32999,,,,1.366499892,-0.329990063,,0.108893442,1.867321955,,1
1.3548,-0.35498,,,,1.354799892,-0.354980063,,0.126010845,1.835482747,,1
1.3367,-0.37838,,,,1.336699892,-0.378380063,,0.143171472,1.786766601,,1
1.2562,-0.38827,,,,1.256199892,-0.388270063,,0.150753642,1.578038169,,1
1.3821,-0.44005,,,,1.382099892,-0.440050063,,0.193644058,1.910200111,,1
1.4727,-0.48691,,,,1.472699892,-0.486910063,,0.237081409,2.168844972,,1
1.4727,-0.5165,,,,1.472699892,-0.516500063,,0.266772315,2.168844972,,1
1.3711,-0.52464,,,,1.371099892,-0.524640063,,0.275247196,1.879914914,,1
1.4095,-0.56029,,,,1.409499892,-0.560290063,,0.313924955,1.986689946,,1
1.3124,-0.56814,,,,1.312399892,-0.568140063,,0.322783131,1.722393477,,1
1.3608,-0.60472,,,,1.360799892,-0.604720063,,0.365686355,1.851776346,,1
1.4022,-0.64077,,,,1.402199892,-0.640770063,,0.410586274,1.966164537,,1
1.4715,-0.68355,,,,1.471499892,-0.683550063,,0.467240689,2.165311932,,1
1.5256,-0.72451,,,,1.525599892,-0.724510063,,0.524914831,2.32745503,,1
1.5283,-0.75572,,,,1.528299892,-0.755720063,,0.571112814,2.33570056,,1
1.3914,-0.75754,,,,1.391399892,-0.757540063,,0.573866947,1.935993659,,1
1.4629,-0.80058,,,,1.462899892,-0.800580063,,0.640928437,2.140076094,,1
1.3631,-0.8089,,,,1.363099892,-0.808900063,,0.654319312,1.858041316,,1
1.3004,-0.82307,,,,1.300399892,-0.823070063,,0.677444329,1.691039879,,1
1.5417,-0.90009,,,,1.541699892,-0.900090063,,0.810162122,2.376838557,,1
1.4649,-0.91484,,,,1.464899892,-0.914840063,,0.836932341,2.145931694,,1
1.4027,-0.93116,,,,1.402699892,-0.931160063,,0.867059063,1.967566987,,1
1.4294,-0.96497,,,,1.429399892,-0.964970063,,0.931167223,2.043184051,,1
1.3634,-0.97977,,,,1.363399892,-0.979770063,,0.959949376,1.858859266,,1
1.2209,-0.97728,,,,1.220899892,-0.977280063,,0.955076322,1.490596546,,1
1.0165,-0.95888,,,,1.016499892,-0.958880063,,0.919450975,1.03327203,,1
0.83572,-0.94135,,,,0.835719892,-0.941350063,,0.886139941,0.698427738,,1
0.63126,-0.91522,,,,0.631259892,-0.915220063,,0.837627764,0.398489051,,1
0.50611,-0.90171,,,,0.506109892,-0.901710063,,0.813081038,0.256147223,,1
0.29506,-0.86758,,,,0.295059892,-0.867580063,,0.752695166,0.08706034,,1
0.2495,-0.86412,,,,0.249499892,-0.864120063,,0.746703483,0.062250196,,1
0.064322,-0.83031,,,,0.064321892,-0.830310063,,0.689414801,0.004137306,,1
-0.08924,-0.79946,,,,-0.089240108,-0.799460063,,0.639136392,0.007963797,,1
-0.26489,-0.76087,,,,-0.264890108,-0.760870063,,0.578923253,0.070166769,,1
-0.37526,-0.73253,,,,-0.375260108,-0.732530063,,0.536600293,0.140820149,,1
-0.33097,-0.73457,,,,-0.330970108,-0.734570063,,0.539593177,0.109541212,,1
-0.41517,-0.71041,,,,-0.415170108,-0.710410063,,0.504682458,0.172366219,,1
-0.6834,-0.64575,,,,-0.683400108,-0.645750063,,0.416993144,0.467035708,,1
-0.78262,-0.61136,,,,-0.782620108,-0.611360063,,0.373761127,0.612494233,,1
-0.83666,-0.58449,,,,-0.836660108,-0.584490063,,0.341628634,0.700000136,,1
-0.93406,-0.5474,,,,-0.934060108,-0.547400063,,0.299646829,0.872468285,,1
-0.96465,-0.52245,,,,-0.964650108,-0.522450063,,0.272954068,0.930549831,,1
-1.024,-0.49082,,,,-1.024000108,-0.490820063,,0.240904334,1.048576221,,1
-0.95833,-0.48434,,,,-0.958330108,-0.484340063,,0.234585297,0.918396596,,1
-1.044,-0.44726,,,,-1.044000108,-0.447260063,,0.200041564,1.089936226,,1
-1.1589,-0.40233,,,,-1.158900108,-0.402330063,,0.16186948,1.34304946,,1
-1.13,-0.38539,,,,-1.130000108,-0.385390063,,0.148525501,1.276900244,,1
-1.2388,-0.34,,,,-1.238800108,-0.340000063,,0.115600043,1.534625708,,1
-1.2125,-0.32093,,,,-1.212500108,-0.320930063,,0.102996105,1.470156512,,1
-1.1135,-0.3177,,,,-1.113500108,-0.317700063,,0.10093333,1.239882491,,1
-1.149,-0.28809,,,,-1.149000108,-0.288090063,,0.082995884,1.320201248,,1
-1.1319,-0.26885,,,,-1.131900108,-0.268850063,,0.072280356,1.281197854,,1
-1.1705,-0.23823,,,,-1.170500108,-0.238230063,,0.056753563,1.370070503,,1
-1.244,-0.19946,,,,-1.244000108,-0.199460063,,0.039784317,1.547536269,,1
-1.1778,-0.18867,,,,-1.177800108,-0.188670063,,0.035596393,1.387213094,,1
-1.3528,-0.12835,,,,-1.352800108,-0.128350063,,0.016473739,1.830068132,,1
-1.1308,-0.14823,,,,-1.130800108,-0.148230063,,0.021972152,1.278708884,,1
-1.1955,-0.11211,,,,-1.195500108,-0.112110063,,0.012568666,1.429220508,,1
-1.2043,-0.086486,,,,-1.204300108,-0.086486063,,0.007479839,1.45033875,,1
-1.2905,-0.04435,,,,-1.290500108,-0.044350063,,0.001966928,1.665390529,,1
-1.3965,0.0036739,,,,-1.396500108,0.003673837,,1.34971E-05,1.950212552,,1
-1.5149,0.056434,,,,-1.514900108,0.056433937,,0.003184789,2.294922337,,1
-1.3568,0.053275,,,,-1.356800108,0.053274937,,0.002838219,1.840906533,,1
-1.4673,0.10358,,,,-1.467300108,0.103579937,,0.010728803,2.152969607,,1
-1.4891,0.13739,,,,-1.489100108,0.137389937,,0.018875995,2.217419132,,1
-1.4607,0.16106,,,,-1.460700108,0.161059937,,0.025940303,2.133644806,,1
-1.511,0.20075,,,,-1.511000108,0.200749937,,0.040300537,2.283121326,,1
-1.4504,0.21807,,,,-1.450400108,0.218069937,,0.047554497,2.103660473,,1
-1.4256,0.24172,,,,-1.425600108,0.241719937,,0.058428528,2.032335668,,1
-1.4642,0.27825,,,,-1.464200108,0.278249937,,0.077423027,2.143881956,,1
-1.406,0.29514,,,,-1.406000108,0.295139937,,0.087107582,1.976836304,,1
-1.4803,0.33879,,,,-1.480300108,0.338789937,,0.114778621,2.19128841,,1
-1.4984,0.37209,,,,-1.498400108,0.372089937,,0.138450921,2.245202884,,1
-1.4042,0.38207,,,,-1.404200108,0.382069937,,0.145977437,1.971777943,,1
-1.3957,0.40823,,,,-1.395700108,0.408229937,,0.166651681,1.947978791,,1
-1.3723,0.43108,,,,-1.372300108,0.431079937,,0.185829912,1.883207586,,1
-1.296,0.44233,,,,-1.296000108,0.442329937,,0.195655773,1.67961628,,1
-1.3097,0.471,,,,-1.309700108,0.470999937,,0.221840941,1.715314373,,1
-1.3588,0.50742,,,,-1.358800108,0.507419937,,0.257474992,1.846337734,,1
-1.3593,0.53459,,,,-1.359300108,0.534589937,,0.285786401,1.847696784,,1
-1.3357,0.55668,,,,-1.335700108,0.556679937,,0.309892552,1.784094779,,1
-1.493,0.61643,,,,-1.493000108,0.616429937,,0.379985867,2.229049322,,1
-1.4773,0.64285,,,,-1.477300108,0.642849937,,0.413256041,2.182415609,,1
-1.5413,0.68577,,,,-1.541300108,0.685769937,,0.470280406,2.375606023,,1
-1.4521,0.69767,,,,-1.452100108,0.697669937,,0.486743341,2.108594724,,1
-1.373,0.70989,,,,-1.373000108,0.709889937,,0.503943723,1.885129297,,1
-1.3112,0.7242,,,,-1.311200108,0.724199937,,0.524465549,1.719245723,,1
-1.4181,0.77285,,,,-1.418100108,0.772849937,,0.597297025,2.011007916,,1
-1.4555,0.80897,,,,-1.455500108,0.808969937,,0.654432359,2.118480564,,1
-1.3582,0.81744,,,,-1.358200108,0.817439937,,0.668208051,1.844707533,,1
-1.3688,0.84671,,,,-1.368800108,0.846709937,,0.716917717,1.873613736,,1
-1.4153,0.88378,,,,-1.415300108,0.883779937,,0.781066977,2.003074396,,1
-1.4306,0.91517,,,,-1.430600108,0.915169937,,0.837536014,2.046616669,,1
-1.4153,0.94043,,,,-1.415300108,0.940429937,,0.884408466,2.003074396,,1
-1.1675,0.91654,,,,-1.167500108,0.916539937,,0.840045456,1.363056502,,1
-1.0453,0.91415,,,,-1.045300108,0.914149937,,0.835670107,1.092652316,,1
-0.93911,0.91268,,,,-0.939110108,0.912679937,,0.832984667,0.881927795,,1
-0.75889,0.89347,,,,-0.758890108,0.893469937,,0.798288528,0.575914196,,1
-0.58159,0.87127,,,,-0.581590108,0.871269937,,0.759111303,0.338247054,,1
-0.43514,0.85203,,,,-0.435140108,0.852029937,,0.725955014,0.189346914,,1
-0.24784,0.82123,,,,-0.247840108,0.821229937,,0.674418609,0.061424719,,1
0.04829,0.76374,,,,0.048289892,0.763739937,,0.583298691,0.002331914,,1
0.18022,0.73494,,,,0.180219892,0.734939937,,0.540136711,0.032479209,,1
0.13279,0.74132,,,,0.132789892,0.741319937,,0.549555249,0.017633155,,1
0.21196,0.72195,,,,0.211959892,0.721949937,,0.521211712,0.044926996,,1
0.19463,0.72133,,,,0.194629892,0.721329937,,0.520316878,0.037880795,,1
0.28416,0.69852,,,,0.284159892,0.698519937,,0.487930102,0.080746844,,1
0.51496,0.64413,,,,0.514959892,0.644129937,,0.414903376,0.26518369,,1
0.71295,0.59203,,,,0.712949892,0.592029937,,0.350499446,0.508297549,,1
0.90743,0.53671,,,,0.907429892,0.536709937,,0.288057556,0.823429009,,1
0.82567,0.53573,,,,0.825669892,0.535729937,,0.287006565,0.681730771,,1
0.91411,0.5005,,,,0.914109892,0.500499937,,0.250500187,0.835596895,,1
0.8848,0.48832,,,,0.884799892,0.488319937,,0.238456361,0.782870849,,1
1.0205,0.44193,,,,1.020499892,0.441929937,,0.195302069,1.04142003,,1
1.1024,0.40417,,,,1.102399892,0.404169937,,0.163353338,1.215285522,,1
1.0573,0.39153,,,,1.057299892,0.391529937,,0.153295692,1.117883062,,1
0.90042,0.40337,,,,0.900419892,0.403369937,,0.162707306,0.810755982,,1
0.97894,0.36871,,,,0.978939892,0.368709937,,0.135947018,0.958323312,,1
0.95565,0.35394,,,,0.955649892,0.353939937,,0.125273479,0.913266716,,1
0.96036,0.33374,,,,0.960359892,0.333739937,,0.111382346,0.922291122,,1
1.0169,0.30251,,,,1.016899892,0.302509937,,0.091512262,1.03408539,,1
0.98194,0.28943,,,,0.981939892,0.289429937,,0.083769688,0.964205952,,1
1.1928,0.22522,,,,1.192799892,0.225219937,,0.05072402,1.422771582,,1
1.191,0.20165,,,,1.190999892,0.201649937,,0.040662697,1.418480743,,1
1.1563,0.18504,,,,1.156299892,0.185039937,,0.034239778,1.33702944,,1
1.1918,0.15431,,,,1.191799892,0.154309937,,0.023811557,1.420386983,,1
1.1103,0.14754,,,,1.110299892,0.147539937,,0.021768033,1.23276585,,1
1.2605,0.093561,,,,1.260499892,0.093560937,,0.008753649,1.588859978,,1
1.2259,0.075519,,,,1.225899892,0.075518937,,0.00570311,1.502830545,,1
1.2823,0.03901,,,,1.282299892,0.039009937,,0.001521775,1.644293013,,1
1.2788,0.013971,,,,1.278799892,0.013970937,,0.000195187,1.635329164,,1
1.1796,0.009202,,,,1.179599892,0.009201937,,8.46756E-05,1.391455905,,1
1.167,-0.011853,,,,1.166999892,-0.011853063,,0.000140495,1.361888748,,1
1.2388,-0.050447,,,,1.238799892,-0.050447063,,0.002544906,1.534625172,,1
1.3384,-0.096334,,,,1.338399892,-0.096334063,,0.009280252,1.791314271,,1
1.362,-0.1282,,,,1.361999892,-0.128200063,,0.016435256,1.855043706,,1
1.4071,-0.16508,,,,1.407099892,-0.165080063,,0.027251427,1.979930106,,1
1.3173,-0.1744,,,,1.317299892,-0.174400063,,0.030415382,1.735279005,,1
1.4345,-0.22558,,,,1.434499892,-0.225580063,,0.050886365,2.05778994,,1
1.5534,-0.27946,,,,1.553399892,-0.279460063,,0.078097927,2.413051224,,1
1.5545,-0.31088,,,,1.554499892,-0.310880063,,0.096646414,2.416469914,,1
1.3747,-0.30417,,,,1.374699892,-0.304170063,,0.092519427,1.889799793,,1
1.3983,-0.33677,,,,1.398299892,-0.336770063,,0.113414075,1.955242588,,1
1.4085,-0.367,,,,1.408499892,-0.367000063,,0.134689046,1.983871946,,1
1.3537,-0.38375,,,,1.353699892,-0.383750063,,0.147264111,1.832503398,,1
1.3514,-0.41045,,,,1.351399892,-0.410450063,,0.168469254,1.826281668,,1
1.3094,-0.42875,,,,1.309399892,-0.428750063,,0.183826617,1.714528077,,1
1.3469,-0.46297,,,,1.346899892,-0.462970063,,0.214341279,1.814139319,,1
1.3621,-0.49324,,,,1.362099892,-0.493240063,,0.24328576,1.855316116,,1
1.4158,-0.53192,,,,1.415799892,-0.531920063,,0.282938953,2.004489334,,1
1.4041,-0.5579,,,,1.404099892,-0.557900063,,0.31125248,1.971496507,,1
1.3908,-0.58329,,,,1.390799892,-0.583290063,,0.340227298,1.93432434,,1
1.4017,-0.61354,,,,1.401699892,-0.613540063,,0.376431409,1.964762587,,1
1.359,-0.63268,,,,1.358999892,-0.632680063,,0.400284062,1.846880706,,1
1.2359,-0.63403,,,,1.235899892,-0.634030063,,0.401994121,1.527448543,,1
1.3275,-0.67818,,,,1.327499892,-0.678180063,,0.459928198,1.762255963,,1
1.3209,-0.70347,,,,1.320899892,-0.703470063,,0.49487013,1.744776525,,1
1.3523,-0.73663,,,,1.352299892,-0.736630063,,0.54262385,1.828714998,,1
1.4187,-0.77779,,,,1.418699892,-0.777790063,,0.604957382,2.012709384,,1
1.358,-0.7935,,,,1.357999892,-0.793500063,,0.62964235,1.844163707,,1
1.2807,-0.80448,,,,1.280699892,-0.804480063,,0.647188172,1.640192213,,1
1.1709,-0.80707,,,,1.170899892,-0.807070063,,0.651362087,1.371006557,,1
1.1829,-0.83315,,,,1.182899892,-0.833150063,,0.694139027,1.399252154,,1
1.3407,-0.89019,,,,1.340699892,-0.890190063,,0.792438348,1.7974762,,1
1.358,-0.92079,,,,1.357999892,-0.920790063,,0.84785434,1.844163707,,1
1.4126,-0.95958,,,,1.412599892,-0.959580063,,0.920793897,1.995438455,,1
1.5105,-1.0086,,,,1.510499892,-1.008600063,,1.017274087,2.281609924,,1
1.2325,-0.98047,,,,1.232499892,-0.980470063,,0.961321544,1.519055984,,1
1.0849,-0.97427,,,,1.084899892,-0.974270063,,0.949202156,1.177007776,,1
1.0033,-0.97905,,,,1.003299892,-0.979050063,,0.958539026,1.006610673,,1
0.6854,-0.93234,,,,0.685399892,-0.932340063,,0.869257993,0.469773012,,1
0.45153,-0.89699,,,,0.451529892,-0.896990063,,0.804591173,0.203879243,,1
0.32199,-0.87895,,,,0.321989892,-0.878950063,,0.772553213,0.103677491,,1
0.22994,-0.86621,,,,0.229939892,-0.866210063,,0.750319873,0.052872354,,1
0.037132,-0.8304,,,,0.037131892,-0.830400063,,0.689564265,0.001378777,,1
-0.11375,-0.79956,,,,-0.113750108,-0.799560063,,0.639296294,0.012939087,,1
-0.36901,-0.7437,,,,-0.369010108,-0.743700063,,0.553089784,0.13616846,,1
-0.53007,-0.7026,,,,-0.530070108,-0.702600063,,0.493646849,0.280974319,,1
-0.53866,-0.69041,,,,-0.538660108,-0.690410063,,0.476666055,0.290154712,,1
-0.46807,-0.69473,,,,-0.468070108,-0.694730063,,0.48264986,0.219089626,,1
-0.62097,-0.65333,,,,-0.620970108,-0.653330063,,0.426840171,0.385603875,,1
-0.55123,-0.65581,,,,-0.551230108,-0.655810063,,0.430086839,0.303854632,,1
-0.70467,-0.61263,,,,-0.704670108,-0.612630063,,0.375315594,0.496559961,,1
-0.86884,-0.56411,,,,-0.868840108,-0.564110063,,0.318220163,0.754883133,,1
-0.86096,-0.54857,,,,-0.860960108,-0.548570063,,0.300929114,0.741252308,,1
-1.0237,-0.49721,,,,-1.023700108,-0.497210063,,0.247217847,1.047961911,,1
-0.89694,-0.50363,,,,-0.896940108,-0.503630063,,0.25364324,0.804501557,,1
-1.0434,-0.45498,,,,-1.043400108,-0.454980063,,0.207006858,1.088683785,,1
-1.1082,-0.42062,,,,-1.108200108,-0.420620063,,0.176921237,1.228107479,,1
-1.1447,-0.39091,,,,-1.144700108,-0.390910063,,0.152810677,1.310338337,,1
-1.2791,-0.33982,,,,-1.279100108,-0.339820063,,0.115477675,1.636097086,,1
-1.2141,-0.32811,,,,-1.214100108,-0.328110063,,0.107656213,1.474039072,,1
-1.259,-0.2945,,,,-1.259000108,-0.294500063,,0.086730287,1.585081272,,1
-1.1232,-0.2981,,,,-1.123200108,-0.298100063,,0.088863648,1.261578483,,1
-1.2832,-0.24205,,,,-1.283200108,-0.242050063,,0.058588233,1.646602517,,1
-1.3052,-0.21188,,,,-1.305200108,-0.211880063,,0.044893161,1.703547322,,1
-1.4058,-0.16471,,,,-1.405800108,-0.164710063,,0.027129405,1.976273944,,1
-1.4445,-0.12858,,,,-1.444500108,-0.128580063,,0.016532833,2.086580562,,1
-1.4347,-0.10189,,,,-1.434700108,-0.101890063,,0.010381585,2.0583644,,1
-1.439,-0.072429,,,,-1.439000108,-0.072429063,,0.005245969,2.070721311,,1
-1.4953,-0.031904,,,,-1.495300108,-0.031904063,,0.001017869,2.235922413,,1
-1.4363,-0.014583,,,,-1.436300108,-0.014583063,,0.000212666,2.062958,,1
-1.2424,-0.026871,,,,-1.242400108,-0.026871063,,0.000722054,1.543558028,,1
-1.3449,0.01947,,,,-1.344900108,0.019469937,,0.000379078,1.8087563,,1
-1.3869,0.055074,,,,-1.386900108,0.055073937,,0.003033139,1.92349191,,1
-1.5332,0.11354,,,,-1.533200108,0.113539937,,0.012891317,2.350702571,,1
-1.4113,0.11838,,,,-1.411300108,0.118379937,,0.014013809,1.991767995,,1
-1.4715,0.15916,,,,-1.471500108,0.159159937,,0.025331886,2.165312568,,1
-1.5423,0.20338,,,,-1.542300108,0.203379937,,0.041363399,2.378689623,,1
-1.6123,0.24887,,,,-1.612300108,0.248869937,,0.061936246,2.599511638,,1
-1.4977,0.25681,,,,-1.497700108,0.256809937,,0.065951344,2.243105614,,1
-1.4717,0.28116,,,,-1.471700108,0.281159937,,0.07905091,2.165901208,,1
-1.6213,0.34201,,,,-1.621300108,0.342009937,,0.116970797,2.62861404,,1
-1.4482,0.33782,,,,-1.448200108,0.337819937,,0.11412231,2.097283553,,1
-1.5041,0.37844,,,,-1.504100108,0.378439937,,0.143216786,2.262317135,,1
-1.5534,0.41878,,,,-1.553400108,0.418779937,,0.175376636,2.413051896,,1
-1.5706,0.45336,,,,-1.570600108,0.453359937,,0.205535232,2.466784699,,1
-1.5124,0.47238,,,,-1.512400108,0.472379937,,0.223142805,2.287354087,,1
-1.5607,0.51267,,,,-1.560700108,0.512669937,,0.262830464,2.435784827,,1
-1.5079,0.53263,,,,-1.507900108,0.532629937,,0.28369465,2.273762736,,1
-1.4442,0.54924,,,,-1.444200108,0.549239937,,0.301664508,2.085713952,,1
-1.4321,0.57545,,,,-1.432100108,0.575449937,,0.33114263,2.050910719,,1
-1.4155,0.60046,,,,-1.415500108,0.600459937,,0.360552136,2.003640556,,1
-1.4152,0.62858,,,,-1.415200108,0.628579937,,0.395112737,2.002791346,,1
-1.4053,0.65467,,,,-1.405300108,0.654669937,,0.428592726,1.974868394,,1
-1.5689,0.71716,,,,-1.568900108,0.717159937,,0.514318375,2.461447549,,1
-1.5681,0.74823,,,,-1.568100108,0.748229937,,0.559848039,2.458937949,,1
-1.559,0.77755,,,,-1.559000108,0.777549937,,0.604583905,2.430481337,,1
-1.4436,0.78427,,,,-1.443600108,0.784269937,,0.615079334,2.083981272,,1
-1.5851,0.84286,,,,-1.585100108,0.842859937,,0.710412873,2.512542352,,1
-1.5583,0.86879,,,,-1.558300108,0.868789937,,0.754795955,2.428299227,,1
-1.5712,0.90255,,,,-1.571200108,0.902549937,,0.814596389,2.468669779,,1
-1.5273,0.92459,,,,-1.527300108,0.924589937,,0.854866552,2.33264562,,1
-1.4736,0.9437,,,,-1.473600108,0.943699937,,0.890569571,2.171497278,,1
-1.4294,0.96372,,,,-1.429400108,0.963719937,,0.928756117,2.043184669,,1
-1.317,0.96866,,,,-1.317000108,0.968659937,,0.938302074,1.734489284,,1
-1.1707,0.96418,,,,-1.170700108,0.964179937,,0.929642951,1.370538743,,1
-1.0382,0.95968,,,,-1.038200108,0.959679937,,0.920985581,1.077859464,,1
-0.7514,0.92,,,,-0.751400108,0.919999937,,0.846399884,0.564602122,,1
-0.60111,0.90336,,,,-0.601110108,0.903359937,,0.816059176,0.361333362,,1
-0.49986,0.89404,,,,-0.499860108,0.894039937,,0.799307409,0.249860128,,1
-0.18628,0.83793,,,,-0.186280108,0.837929937,,0.702126579,0.034700279,,1
-0.088505,0.82104,,,,-0.088505108,0.821039937,,0.674106578,0.007833154,,1
0.031612,0.79748,,,,0.031611892,0.797479937,,0.63597425,0.000999312,,1
0.10298,0.78179,,,,0.102979892,0.781789937,,0.611195506,0.010604858,,1
0.20203,0.75882,,,,0.202029892,0.758819937,,0.575807697,0.040816077,,1
0.3885,0.71544,,,,0.388499892,0.715439937,,0.511854303,0.150932166,,1
0.39591,0.70607,,,,0.395909892,0.706069937,,0.498534756,0.156744643,,1
0.61307,0.65232,,,,0.613069892,0.652319937,,0.4255213,0.375854692,,1
0.71848,0.61778,,,,0.718479892,0.617779937,,0.381652051,0.516213355,,1
0.71929,0.60319,,,,0.719289892,0.603189937,,0.3638381,0.517377949,,1
0.78611,0.57465,,,,0.786109892,0.574649937,,0.33022255,0.617968762,,1
0.80065,0.55579,,,,0.800649892,0.555789937,,0.308902454,0.64104025,,1
0.95623,0.5069,,,,0.956229892,0.506899937,,0.256947546,0.914375606,,1
1.0394,0.47016,,,,1.039399892,0.470159937,,0.221050366,1.080352135,,1
1.0131,0.45483,,,,1.013099892,0.454829937,,0.206870272,1.026371391,,1
1.0459,0.42757,,,,1.045899892,0.427569937,,0.182816051,1.093906584,,1
1.1684,0.38073,,,,1.168399892,0.380729937,,0.144955285,1.365158308,,1
1.1483,0.36149,,,,1.148299892,0.361489937,,0.130674975,1.318592642,,1
1.1586,0.33626,,,,1.158599892,0.336259937,,0.113070745,1.34235371,,1
1.1716,0.31025,,,,1.171599892,0.310249937,,0.096255023,1.372646307,,1
1.1169,0.29824,,,,1.116899892,0.298239937,,0.08894706,1.247465369,,1
1.1575,0.26725,,,,1.157499892,0.267249937,,0.071422529,1.339806,,1
1.3354,0.20648,,,,1.335399892,0.206479937,,0.042633964,1.783292872,,1
1.2141,0.20524,,,,1.214099892,0.205239937,,0.042123432,1.474038548,,1
1.3304,0.15634,,,,1.330399892,0.156339937,,0.024442176,1.769963873,,1
1.4197,0.11078,,,,1.419699892,0.110779937,,0.012272194,2.015547783,,1
1.283,0.1111,,,,1.282999892,0.111099937,,0.012343196,1.646088723,,1
1.3747,0.065986,,,,1.374699892,0.065985937,,0.004354144,1.889799793,,1
1.3186,0.050208,,,,1.318599892,0.050207937,,0.002520837,1.738705675,,1
1.4029,0.0059432,,,,1.402899892,0.005943137,,3.53209E-05,1.968128107,,1
1.3519,-0.011474,,,,1.351899892,-0.011474063,,0.000131654,1.827633318,,1
1.4187,-0.052715,,,,1.418699892,-0.052715063,,0.002778878,2.012709384,,1
1.4565,-0.089169,,,,1.456499892,-0.089169063,,0.007951122,2.121391935,,1
1.4819,-0.12377,,,,1.481899892,-0.123770063,,0.015319028,2.19602729,,1
1.3553,-0.12685,,,,1.355299892,-0.126850063,,0.016090938,1.836837797,,1
1.2973,-0.14185,,,,1.297299892,-0.141850063,,0.02012144,1.68298701,,1
1.4431,-0.19865,,,,1.443099892,-0.198650063,,0.039461848,2.082537298,,1
1.4292,-0.2247,,,,1.429199892,-0.224700063,,0.050490118,2.042612331,,1
1.2626,-0.21828,,,,1.262599892,-0.218280063,,0.047646186,1.594158487,,1
1.2748,-0.24622,,,,1.274799892,-0.246220063,,0.060624319,1.625114765,,1
1.3342,-0.28437,,,,1.334199892,-0.284370063,,0.080866333,1.780089352,,1
1.2935,-0.30258,,,,1.293499892,-0.302580063,,0.091554695,1.673141971,,1
1.4555,-0.36274,,,,1.455499892,-0.362740063,,0.131580353,2.118479936,,1
1.4689,-0.3948,,,,1.468899892,-0.394800063,,0.15586709,2.157666893,,1
1.4494,-0.42018,,,,1.449399892,-0.420180063,,0.176551285,2.100760047,,1
1.4409,-0.4475,,,,1.440899892,-0.447500063,,0.200256306,2.076192499,,1
1.3414,-0.45546,,,,1.341399892,-0.455460063,,0.207443869,1.79935367,,1
1.4179,-0.49854,,,,1.417899892,-0.498540063,,0.248542194,2.010440104,,1
1.3897,-0.52107,,,,1.389699892,-0.521070063,,0.271514011,1.93126579,,1
1.4362,-0.55879,,,,1.436199892,-0.558790063,,0.312246335,2.06267013,,1
1.5152,-0.60429,,,,1.515199892,-0.604290063,,0.36516648,2.295830713,,1
1.3991,-0.61025,,,,1.399099892,-0.610250063,,0.372405139,1.957480508,,1
1.4528,-0.64967,,,,1.452799892,-0.649670063,,0.422071191,2.110627526,,1
1.4259,-0.67319,,,,1.425899892,-0.673190063,,0.453184861,2.033190502,,1
1.3943,-0.69516,,,,1.394299892,-0.695160063,,0.483247513,1.944072189,,1
1.5043,-0.74637,,,,1.504299892,-0.746370063,,0.557068271,2.262918165,,1
1.5571,-0.78771,,,,1.557099892,-0.787710063,,0.620487143,2.424560074,,1
1.5178,-0.81068,,,,1.517799892,-0.810680063,,0.657202165,2.303716512,,1
1.436,-0.82391,,,,1.435999892,-0.823910063,,0.678827792,2.06209569,,1
1.3618,-0.83712,,,,1.361799892,-0.837120063,,0.70077,1.854498946,,1
1.3463,-0.86122,,,,1.346299892,-0.861220063,,0.741699997,1.812523399,,1
1.4003,-0.89963,,,,1.400299892,-0.899630063,,0.80933425,1.960839788,,1
1.5115,-0.95122,,,,1.511499892,-0.951220063,,0.904819608,2.284631924,,1
1.5668,-0.99323,,,,1.566799892,-0.993230063,,0.986505958,2.454861902,,1
1.4012,-0.98977,,,,1.401199892,-0.989770063,,0.979644778,1.963361137,,1
1.1921,-0.974,,,,1.192099892,-0.974000063,,0.948676123,1.421102153,,1
1.0139,-0.96055,,,,1.013899892,-0.960550063,,0.922656424,1.027992991,,1
0.94806,-0.96723,,,,0.948059892,-0.967230063,,0.935533995,0.898817559,,1
0.65847,-0.9254,,,,0.658469892,-0.925400063,,0.856365277,0.433582599,,1
0.54927,-0.9158,,,,0.549269892,-0.915800063,,0.838689755,0.301697414,,1
0.49916,-0.91647,,,,0.499159892,-0.916470063,,0.839917376,0.249160598,,1
0.23873,-0.87179,,,,0.238729892,-0.871790063,,0.760017914,0.056991961,,1
0.15556,-0.85927,,,,0.155559892,-0.859270063,,0.738345041,0.02419888,,1
0.049273,-0.84021,,,,0.049272892,-0.840210063,,0.70595295,0.002427818,,1
-0.13214,-0.80319,,,,-0.132140108,-0.803190063,,0.645114277,0.017461008,,1
-0.32901,-0.75926,,,,-0.329010108,-0.759260063,,0.576475843,0.108247651,,1
-0.43844,-0.72983,,,,-0.438440108,-0.729830063,,0.532651921,0.192229728,,1
-0.39342,-0.73076,,,,-0.393420108,-0.730760063,,0.53401027,0.154779381,,1
-0.52086,-0.69623,,,,-0.520860108,-0.696230063,,0.484736301,0.271295252,,1
-0.60533,-0.6682,,,,-0.605330108,-0.668200063,,0.446491324,0.36642454,,1
-0.66473,-0.64375,,,,-0.664730108,-0.643750063,,0.414414144,0.441866116,,1
-0.86786,-0.58781,,,,-0.867860108,-0.587810063,,0.34552067,0.753181167,,1
-0.8883,-0.56632,,,,-0.888300108,-0.566320063,,0.320718414,0.789077082,,1
-0.81328,-0.56454,,,,-0.813280108,-0.564540063,,0.318705483,0.661424534,,1
-1.0348,-0.50174,,,,-1.034800108,-0.501740063,,0.251743091,1.070811264,,1
-0.944,-0.50035,,,,-0.944000108,-0.500350063,,0.250350186,0.891136204,,1
-1.1855,-0.43072,,,,-1.185500108,-0.430720063,,0.185519773,1.405410506,,1
-1.2385,-0.396,,,,-1.238500108,-0.396000063,,0.15681605,1.533882518,,1
-1.2698,-0.36476,,,,-1.269800108,-0.364760063,,0.133049904,1.612392314,,1
-1.1887,-0.35662,,,,-1.188700108,-0.356620063,,0.127177869,1.413007947,,1
-1.3014,-0.30924,,,,-1.301400108,-0.309240063,,0.095629417,1.693642241,,1
-1.2016,-0.30438,,,,-1.201600108,-0.304380063,,0.092647223,1.44384282,,1
-1.3537,-0.24843,,,,-1.353700108,-0.248430063,,0.061717496,1.832503982,,1
-1.3739,-0.21724,,,,-1.373900108,-0.217240063,,0.047193245,1.887601507,,1
-1.1948,-0.22767,,,,-1.194800108,-0.227670063,,0.051833658,1.427547298,,1
-1.3064,-0.18038,,,,-1.306400108,-0.180380063,,0.032536967,1.706681242,,1
-1.1814,-0.18073,,,,-1.181400108,-0.180730063,,0.032663356,1.395706215,,1
-1.4123,-0.10856,,,,-1.412300108,-0.108560063,,0.011785287,1.994591595,,1
-1.464,-0.069552,,,,-1.464000108,-0.069552063,,0.004837489,2.143296316,,1
-1.4212,-0.04944,,,,-1.421200108,-0.049440063,,0.00244432,2.019809747,,1
-1.3088,-0.044843,,,,-1.308800108,-0.044843063,,0.0020109,1.712957723,,1
-1.1318,-0.056102,,,,-1.131800108,-0.056102063,,0.003147441,1.280971484,,1
-1.1038,-0.039501,,,,-1.103800108,-0.039501063,,0.001560334,1.218374678,,1
-1.2143,0.0057247,,,,-1.214300108,0.005724637,,3.27715E-05,1.474524752,,1
-1.3885,0.066614,,,,-1.388500108,0.066613937,,0.004437417,1.92793255,,1
-1.4949,0.1167,,,,-1.494900108,0.116699937,,0.013618875,2.234726333,,1
-1.5457,0.15717,,,,-1.545700108,0.157169937,,0.024702389,2.389188824,,1
-1.4652,0.17099,,,,-1.465200108,0.170989937,,0.029237559,2.146811356,,1
-1.4539,0.19778,,,,-1.453900108,0.197779937,,0.039116903,2.113825524,,1
-1.5371,0.24427,,,,-1.537100108,0.244269937,,0.059667802,2.362676742,,1
-1.4912,0.26521,,,,-1.491200108,0.265209937,,0.070336311,2.223677762,,1
-1.6141,0.32081,,,,-1.614100108,0.320809937,,0.102919016,2.605319159,,1
-1.5058,0.33013,,,,-1.505800108,0.330129937,,0.108985775,2.267433965,,1
-1.3991,0.33763,,,,-1.399100108,0.337629937,,0.113993974,1.957481112,,1
-1.3283,0.35057,,,,-1.328300108,0.350569937,,0.122899281,1.764381177,,1
-1.353,0.38222,,,,-1.353000108,0.382219937,,0.14609208,1.830609292,,1
-1.4545,0.43055,,,,-1.454500108,0.430549937,,0.185373248,2.115570564,,1
-1.3622,0.44005,,,,-1.362200108,0.440049937,,0.193643947,1.855589134,,1
-1.4219,0.47975,,,,-1.421900108,0.479749937,,0.230160002,2.021799917,,1
-1.4283,0.50941,,,,-1.428300108,0.509409937,,0.259498484,2.040041199,,1
-1.5627,0.5662,,,,-1.562700108,0.566199937,,0.320582369,2.442031628,,1
-1.6143,0.60821,,,,-1.614300108,0.608209937,,0.369919327,2.605964839,,1
-1.4964,0.61551,,,,-1.496400108,0.615509937,,0.378852483,2.239213283,,1
-1.4018,0.62536,,,,-1.401800108,0.625359937,,0.391075051,1.965043543,,1
-1.462,0.66597,,,,-1.462000108,0.665969937,,0.443515957,2.137444316,,1
-1.5257,0.70852,,,,-1.525700108,0.708519937,,0.502000501,2.32776082,,1
-1.4766,0.72855,,,,-1.476600108,0.728549937,,0.530785011,2.180347879,,1
-1.4263,0.74736,,,,-1.426300108,0.747359937,,0.558546875,2.034331998,,1
-1.5617,0.80429,,,,-1.561700108,0.804289937,,0.646882303,2.438907227,,1
-1.434,0.80848,,,,-1.434000108,0.808479937,,0.653639809,2.05635631,,1
-1.4044,0.8308,,,,-1.404400108,0.830799937,,0.690228535,1.972339663,,1
-1.42,0.86206,,,,-1.420000108,0.862059937,,0.743147335,2.016400307,,1
-1.4644,0.8997,,,,-1.464400108,0.899699937,,0.809459977,2.144467676,,1
-1.5804,0.95332,,,,-1.580400108,0.953319937,,0.908818902,2.497664501,,1
-1.6117,0.9914,,,,-1.611700108,0.991399937,,0.982873835,2.597577238,,1
-1.4388,0.98722,,,,-1.438800108,0.987219937,,0.974603204,2.070145751,,1
-1.2484,0.97588,,,,-1.248400108,0.975879937,,0.952341651,1.55850283,,1
-0.96262,0.94062,,,,-0.962620108,0.940619937,,0.884765866,0.926637472,,1
-0.71277,0.90721,,,,-0.712770108,0.907209937,,0.82302987,0.508041227,,1
-0.45215,0.86653,,,,-0.452150108,0.866529937,,0.750874132,0.20443972,,1
-0.4083,0.86633,,,,-0.408300108,0.866329937,,0.75052756,0.166708978,,1
-0.39572,0.87183,,,,-0.395720108,0.871829937,,0.760087439,0.156594404,,1
-0.22056,0.84281,,,,-0.220560108,0.842809937,,0.71032859,0.048646761,,1
-0.029725,0.80697,,,,-0.029725108,0.806969937,,0.651200479,0.000883582,,1
0.16705,0.76607,,,,0.167049892,0.766069937,,0.586863148,0.027905666,,1
0.21252,0.75313,,,,0.212519892,0.753129937,,0.567204702,0.045164704,,1
0.23971,0.74313,,,,0.239709892,0.743129937,,0.552242103,0.057460832,,1
0.44557,0.6949,,,,0.445569892,0.694899937,,0.482885922,0.198532529,,1
0.5737,0.65893,,,,0.573699892,0.658929937,,0.434188662,0.329131566,,1
0.5901,0.64395,,,,0.590099892,0.643949937,,0.414671521,0.348217883,,1
0.77366,0.59339,,,,0.773659892,0.593389937,,0.352111617,0.598549628,,1
0.80998,0.5702,,,,0.809979892,0.570199937,,0.325127968,0.656067425,,1
0.84829,0.54586,,,,0.848289892,0.545859937,,0.297963071,0.719595741,,1
0.94462,0.50851,,,,0.944619892,0.508509937,,0.258582356,0.89230674,,1
0.97505,0.48312,,,,0.975049892,0.483119937,,0.233404874,0.950722292,,1
0.96651,0.46534,,,,0.966509892,0.465339937,,0.216541257,0.934141371,,1
1.1326,0.4109,,,,1.132599892,0.410899937,,0.168838758,1.282782515,,1
1.1368,0.38727,,,,1.136799892,0.387269937,,0.149978004,1.292313994,,1
1.1611,0.35932,,,,1.161099892,0.359319937,,0.129110817,1.348152959,,1
1.1445,0.3395,,,,1.144499892,0.339499937,,0.115260207,1.309880003,,1
1.246,0.29511,,,,1.245999892,0.295109937,,0.087089875,1.552515731,,1
1.3265,0.25312,,,,1.326499892,0.253119937,,0.064069703,1.759601963,,1
1.369,0.21752,,,,1.368999892,0.217519937,,0.047314923,1.874160704,,1
1.2404,0.21715,,,,1.240399892,0.217149937,,0.047154095,1.538591892,,1
1.2711,0.18577,,,,1.271099892,0.185769937,,0.034510469,1.615694935,,1
1.2905,0.15614,,,,1.290499892,0.156139937,,0.02437968,1.665389971,,1
1.239,0.14109,,,,1.238999892,0.141089937,,0.01990637,1.535120732,,1
1.3204,0.099023,,,,1.320399892,0.099022937,,0.009805542,1.743455875,,1
1.3636,0.063405,,,,1.363599892,0.063404937,,0.004020186,1.859404665,,1
1.4187,0.024403,,,,1.418699892,0.024402937,,0.000595503,2.012709384,,1
1.5323,-0.028044,,,,1.532299892,-0.028044063,,0.000786469,2.347942959,,1
1.4389,-0.039116,,,,1.438899892,-0.039116063,,0.001530066,2.070432899,,1
1.3584,-0.051027,,,,1.358399892,-0.051027063,,0.002603761,1.845250267,,1
1.382,-0.083301,,,,1.381999892,-0.083301063,,0.006939067,1.909923701,,1
1.3661,-0.1077,,,,1.366099892,-0.107700063,,0.011599304,1.866228915,,1
1.4302,-0.14866,,,,1.430199892,-0.148660063,,0.022099814,2.045471731,,1
1.521,-0.19651,,,,1.520999892,-0.196510063,,0.038616205,2.313440671,,1
1.6026,-0.24427,,,,1.602599892,-0.244270063,,0.059667864,2.568326414,,1
1.4938,-0.2535,,,,1.493799892,-0.253500063,,0.064262282,2.231438117,,1
1.5766,-0.30094,,,,1.576599892,-0.300940063,,0.090564922,2.485667219,,1
1.6976,-0.35812,,,,1.697599892,-0.358120063,,0.12824998,2.881845393,,1
1.6222,-0.37629,,,,1.622199892,-0.376290063,,0.141594212,2.63153249,,1
1.4853,-0.37999,,,,1.485299892,-0.379990063,,0.144392448,2.206115769,,1
1.3844,-0.38855,,,,1.384399892,-0.388550063,,0.150971151,1.916563061,,1
1.4298,-0.42594,,,,1.429799892,-0.425940063,,0.181424937,2.044327731,,1
1.5037,-0.47023,,,,1.503699892,-0.470230063,,0.221116312,2.261113365,,1
1.4419,-0.48738,,,,1.441899892,-0.487380063,,0.237539326,2.079075299,,1
1.4736,-0.52304,,,,1.473599892,-0.523040063,,0.273570908,2.171496642,,1
1.6026,-0.57984,,,,1.602599892,-0.579840063,,0.336214499,2.568326414,,1
1.4613,-0.58222,,,,1.461299892,-0.582220063,,0.338980202,2.135397374,,1
1.4666,-0.61268,,,,1.466599892,-0.612680063,,0.37537686,2.150915243,,1
1.535,-0.65655,,,,1.534999892,-0.656550063,,0.431057985,2.356224668,,1
1.4431,-0.66799,,,,1.443099892,-0.667990063,,0.446210724,2.082537298,,1
1.4343,-0.69514,,,,1.434299892,-0.695140063,,0.483219707,2.05721618,,1
1.4215,-0.72124,,,,1.421499892,-0.721240063,,0.520187228,2.020661943,,1
1.4803,-0.76219,,,,1.480299892,-0.762190063,,0.580933692,2.19128777,,1
1.5075,-0.79766,,,,1.507499892,-0.797660063,,0.636261576,2.272555924,,1
1.6314,-0.85405,,,,1.631399892,-0.854050063,,0.72940151,2.661465608,,1
1.5736,-0.87462,,,,1.573599892,-0.874620063,,0.764960255,2.47621662,,1
1.5054,-0.89184,,,,1.505399892,-0.891840063,,0.795378698,2.266228835,,1
1.4727,-0.91516,,,,1.472699892,-0.915160063,,0.837517941,2.168844972,,1
1.6259,-0.97705,,,,1.625899892,-0.977050063,,0.954626826,2.643550459,,1
1.5461,-0.99303,,,,1.546099892,-0.993030063,,0.986108706,2.390424876,,1
1.2745,-0.96695,,,,1.274499892,-0.966950063,,0.934992424,1.624349975,,1
1.0474,-0.94482,,,,1.047399892,-0.944820063,,0.892684951,1.097046534,,1
0.87021,-0.92867,,,,0.870209892,-0.928670063,,0.862428086,0.757265256,,1
0.64662,-0.89918,,,,0.646619892,-0.899180063,,0.808524786,0.418117285,,1
0.44211,-0.86925,,,,0.442109892,-0.869250063,,0.755595672,0.195461157,,1
0.26265,-0.8405,,,,0.262649892,-0.840500063,,0.706440356,0.068984966,,1
0.1085,-0.8135,,,,0.108499892,-0.813500063,,0.661782353,0.011772227,,1
-0.028428,-0.78704,,,,-0.028428108,-0.787040063,,0.619432061,0.000808157,,1
-0.22018,-0.74627,,,,-0.220180108,-0.746270063,,0.556919007,0.04847928,,1
-0.24759,-0.73632,,,,-0.247590108,-0.736320063,,0.542167235,0.061300862,,1
-0.38147,-0.70337,,,,-0.381470108,-0.703370063,,0.494729446,0.145519443,,1
-0.52475,-0.66575,,,,-0.524750108,-0.665750063,,0.443223146,0.275362676,,1
-0.39626,-0.68256,,,,-0.396260108,-0.682560063,,0.46588824,0.157022073,,1
-0.57055,-0.63809,,,,-0.570550108,-0.638090063,,0.407158929,0.325527426,,1
-0.60371,-0.61988,,,,-0.603710108,-0.619880063,,0.384251293,0.364465895,,1
-0.68732,-0.59036,,,,-0.687320108,-0.590360063,,0.348525004,0.472408931,,1
-0.88181,-0.53579,,,,-0.881810108,-0.535790063,,0.287070992,0.777589067,,1
-0.89247,-0.51609,,,,-0.892470108,-0.516090063,,0.266348953,0.796502894,,1
-0.82799,-0.512,,,,-0.827990108,-0.512000063,,0.262144065,0.685567619,,1
-0.84871,-0.49124,,,,-0.848710108,-0.491240063,,0.2413168,0.720308847,,1
-0.94187,-0.45478,,,,-0.941870108,-0.454780063,,0.206824906,0.8871193,,1
-0.87577,-0.45004,,,,-0.875770108,-0.450040063,,0.202536058,0.766973282,,1
-1.034,-0.39932,,,,-1.034000108,-0.399320063,,0.159456513,1.069156223,,1
-1.1139,-0.36196,,,,-1.113900108,-0.361960063,,0.131015087,1.240773451,,1
-1.0385,-0.35572,,,,-1.038500108,-0.355720063,,0.126536763,1.078482474,,1
-1.008,-0.34152,,,,-1.008000108,-0.341520063,,0.116635953,1.016064218,,1
-1.1621,-0.28903,,,,-1.162100108,-0.289030063,,0.083538377,1.350476661,,1
-1.2734,-0.24246,,,,-1.273400108,-0.242460063,,0.058786882,1.621547835,,1
-1.2035,-0.23187,,,,-1.203500108,-0.231870063,,0.053763726,1.44841251,,1
-1.2823,-0.19131,,,,-1.282300108,-0.191310063,,0.03659954,1.644293567,,1
-1.3247,-0.15687,,,,-1.324700108,-0.156870063,,0.024608217,1.754830376,,1
-1.3275,-0.12993,,,,-1.327500108,-0.129930063,,0.016881821,1.762256537,,1
-1.4081,-0.086513,,,,-1.408100108,-0.086513063,,0.00748451,1.982745914,,1
-1.4616,-0.04722,,,,-1.461600108,-0.047220063,,0.002229734,2.136274876,,1
-1.3489,-0.041877,,,,-1.348900108,-0.041877063,,0.001753688,1.819531501,,1
-1.4434,0.0049042,,,,-1.443400108,0.004904137,,2.40506E-05,2.083403872,,1
-1.4561,0.036311,,,,-1.456100108,0.036310937,,0.001318484,2.120227525,,1
-1.4094,0.05546,,,,-1.409400108,0.055459937,,0.003075805,1.986408664,,1
-1.4244,0.086674,,,,-1.424400108,0.086673937,,0.007512371,2.028915668,,1
-1.4501,0.12045,,,,-1.450100108,0.120449937,,0.014508187,2.102790323,,1
-1.3833,0.13523,,,,-1.383300108,0.135229937,,0.018287136,1.913519189,,1
-1.5583,0.19968,,,,-1.558300108,0.199679937,,0.039872077,2.428299227,,1
-1.5819,0.23569,,,,-1.581900108,0.235689937,,0.055549746,2.502407952,,1
-1.5154,0.25318,,,,-1.515400108,0.253179937,,0.06410008,2.296437487,,1
-1.4305,0.26545,,,,-1.430500108,0.265449937,,0.070463669,2.046330559,,1
-1.5001,0.30862,,,,-1.500100108,0.308619937,,0.095246266,2.250300334,,1
-1.4134,0.32021,,,,-1.413400108,0.320209937,,0.102534404,1.997699865,,1
-1.4686,0.36,,,,-1.468600108,0.359999937,,0.129599955,2.156786277,,1
-1.399,0.37457,,,,-1.399000108,0.374569937,,0.140302638,1.957201302,,1
-1.5555,0.43542,,,,-1.555500108,0.435419937,,0.189590522,2.419580586,,1
-1.5677,0.46897,,,,-1.567700108,0.468969937,,0.219932802,2.457683629,,1
-1.4339,0.472,,,,-1.433900108,0.471999937,,0.222783941,2.05606952,,1
-1.3993,0.49325,,,,-1.399300108,0.493249937,,0.2432955,1.958040792,,1
-1.6276,0.56925,,,,-1.627600108,0.569249937,,0.324045491,2.649082112,,1
-1.6368,0.60362,,,,-1.636800108,0.603619937,,0.364357028,2.679114594,,1
-1.6742,0.64411,,,,-1.674200108,0.644109937,,0.414877611,2.802946002,,1
-1.6893,0.68065,,,,-1.689300108,0.680649937,,0.463284337,2.853734855,,1
-1.5882,0.693,,,,-1.588200108,0.692999937,,0.480248913,2.522379583,,1
-1.4573,0.69703,,,,-1.457300108,0.697029937,,0.485850733,2.123723605,,1
-1.5544,0.74652,,,,-1.554400108,0.746519937,,0.557292016,2.416159696,,1
-1.3695,0.73851,,,,-1.369500108,0.738509937,,0.545396927,1.875530546,,1
-1.2993,0.75098,,,,-1.299300108,0.750979937,,0.563970866,1.688180771,,1
-1.3652,0.79074,,,,-1.365200108,0.790739937,,0.625269648,1.863771335,,1
-1.3492,0.81454,,,,-1.349200108,0.814539937,,0.663475309,1.820340931,,1
-1.4444,0.86147,,,,-1.444400108,0.861469937,,0.742130452,2.086291672,,1
-1.4966,0.90124,,,,-1.496600108,0.901239937,,0.812233424,2.239811883,,1
-1.4727,0.92601,,,,-1.472700108,0.926009937,,0.857494403,2.168845608,,1
-1.2826,0.91541,,,,-1.282600108,0.915409937,,0.837975353,1.645063037,,1
-1.1755,0.91852,,,,-1.175500108,0.918519937,,0.843678875,1.381800504,,1
-0.87764,0.87924,,,,-0.877640108,0.879239937,,0.773062867,0.770252159,,1
-0.7751,0.87519,,,,-0.775100108,0.875189937,,0.765957426,0.600780177,,1
-0.48069,0.82862,,,,-0.480690108,0.828619937,,0.686611,0.23106298,,1
-0.36621,0.81409,,,,-0.366210108,0.814089937,,0.662742426,0.134109843,,1
-0.27768,0.80273,,,,-0.277680108,0.802729937,,0.644375352,0.077106242,,1
-0.19441,0.79071,,,,-0.194410108,0.790709937,,0.625222204,0.03779529,,1
-0.15941,0.7872,,,,-0.159410108,0.787199937,,0.619683741,0.025411583,,1
0.080621,0.73977,,,,0.080620892,0.739769937,,0.54725956,0.006499728,,1
0.099152,0.73423,,,,0.099151892,0.734229937,,0.5390936,0.009831098,,1
0.22408,0.70587,,,,0.224079892,0.705869937,,0.498252368,0.050211798,,1
0.20459,0.70546,,,,0.204589892,0.705459937,,0.497673723,0.041857024,,1
0.2916,0.68298,,,,0.291599892,0.682979937,,0.466461594,0.085030497,,1
0.48298,0.63674,,,,0.482979892,0.636739937,,0.405437747,0.233269576,,1
0.60094,0.60215,,,,0.600939892,0.602149937,,0.362584547,0.361128754,,1
0.63373,0.58315,,,,0.633729892,0.583149937,,0.340063849,0.401613576,,1
0.71934,0.55235,,,,0.719339892,0.552349937,,0.305090453,0.51744988,,1
0.78876,0.52325,,,,0.788759892,0.523249937,,0.273790497,0.622142167,,1
0.85153,0.49416,,,,0.851529892,0.494159937,,0.244194043,0.725103157,,1
0.82815,0.48197,,,,0.828149892,0.481969937,,0.23229502,0.685832244,,1
0.88266,0.45383,,,,0.882659892,0.453829937,,0.205961612,0.779088485,,1
0.98368,0.41478,,,,0.983679892,0.414779937,,0.172042396,0.96762613,,1
1.1576,0.35835,,,,1.157599892,0.358349937,,0.128414677,1.34003751,,1
1.1407,0.33865,,,,1.140699892,0.338649937,,0.11468378,1.301196244,,1
1.3818,0.2649,,,,1.381799892,0.264899937,,0.070171977,1.909370942,,1
1.2152,0.27229,,,,1.215199892,0.272289937,,0.07414181,1.476710778,,1
1.2728,0.23575,,,,1.272799892,0.235749937,,0.055578033,1.620019565,,1
1.2878,0.20703,,,,1.287799892,0.207029937,,0.042861395,1.658428562,,1
1.2699,0.18494,,,,1.269899892,0.184939937,,0.03420278,1.612645736,,1
1.4028,0.13141,,,,1.402799892,0.131409937,,0.017268572,1.967847537,,1
1.2519,0.13505,,,,1.251899892,0.135049937,,0.018238485,1.56725334,,1
1.3315,0.093115,,,,1.331499892,0.093114937,,0.008670391,1.772891962,,1
1.3185,0.06911,,,,1.318499892,0.069109937,,0.004776183,1.738441965,,1
1.3965,0.026193,,,,1.396499892,0.026192937,,0.00068607,1.950211948,,1
1.294,0.019751,,,,1.293999892,0.019750937,,0.0003901,1.67443572,,1
1.2757,-0.0023907,,,,1.275699892,-0.002390763,,5.71575E-06,1.627410214,,1
1.2411,-0.020717,,,,1.241099892,-0.020717063,,0.000429197,1.540328942,,1
1.2366,-0.044713,,,,1.236599892,-0.044713063,,0.001999258,1.529179293,,1
1.2606,-0.074627,,,,1.260599892,-0.074627063,,0.005569199,1.589112088,,1
1.2705,-0.10204,,,,1.270499892,-0.102040063,,0.010412174,1.614169976,,1
1.3043,-0.13469,,,,1.304299892,-0.134690063,,0.018141413,1.701198208,,1
1.3978,-0.18061,,,,1.397799892,-0.180610063,,0.032619995,1.953844538,,1
1.3084,-0.18985,,,,1.308399892,-0.189850063,,0.036043046,1.711910277,,1
1.3359,-0.22194,,,,1.335899892,-0.221940063,,0.049257392,1.784628521,,1
1.3371,-0.24902,,,,1.337099892,-0.249020063,,0.062010992,1.787836121,,1
1.4137,-0.29204,,,,1.413699892,-0.292040063,,0.085287398,1.998547385,,1
1.2748,-0.29114,,,,1.274799892,-0.291140063,,0.084762536,1.625114765,,1
1.1684,-0.29434,,,,1.168399892,-0.294340063,,0.086636073,1.365158308,,1
1.1393,-0.31168,,,,1.139299892,-0.311680063,,0.097144462,1.298004244,,1
1.2447,-0.35681,,,,1.244699892,-0.356810063,,0.127313421,1.549277821,,1
1.2277,-0.37825,,,,1.227699892,-0.378250063,,0.14307311,1.507247025,,1
1.2034,-0.3978,,,,1.203399892,-0.397800063,,0.15824489,1.4481713,,1
1.0956,-0.39927,,,,1.095599892,-0.399270063,,0.159416583,1.200339123,,1
1.1299,-0.42854,,,,1.129899892,-0.428540063,,0.183646586,1.276673766,,1
1.1427,-0.45395,,,,1.142699892,-0.453950063,,0.20607066,1.305763043,,1
1.1384,-0.47601,,,,1.138399892,-0.476010063,,0.22658558,1.295954314,,1
1.281,-0.52898,,,,1.280999892,-0.528980063,,0.279819907,1.640960723,,1
1.3493,-0.56911,,,,1.349299892,-0.569110063,,0.323886264,1.820610199,,1
1.2359,-0.57233,,,,1.235899892,-0.572330063,,0.327561701,1.527448543,,1
1.2588,-0.60199,,,,1.258799892,-0.601990063,,0.362392036,1.584577168,,1
1.266,-0.62881,,,,1.265999892,-0.628810063,,0.395402095,1.602755727,,1
1.2758,-0.65631,,,,1.275799892,-0.656310063,,0.430742899,1.627665364,,1
1.4252,-0.71344,,,,1.425199892,-0.713440063,,0.508996724,2.031194732,,1
1.3789,-0.73233,,,,1.378899892,-0.732330063,,0.536307321,1.901364912,,1
1.2017,-0.72266,,,,1.201699892,-0.722660063,,0.522237567,1.44408263,,1
1.2044,-0.74738,,,,1.204399892,-0.747380063,,0.558576959,1.4505791,,1
1.3045,-0.7927,,,,1.304499892,-0.792700063,,0.62837339,1.701719968,,1
1.3705,-0.83282,,,,1.370499892,-0.832820063,,0.693589257,1.878269954,,1
1.3912,-0.86472,,,,1.391199892,-0.864720063,,0.747740787,1.93543714,,1
1.3963,-0.89375,,,,1.396299892,-0.893750063,,0.798789175,1.949653388,,1
1.21,-0.88251,,,,1.209999892,-0.882510063,,0.778824011,1.464099739,,1
1.2402,-0.9132,,,,1.240199892,-0.913200063,,0.833934355,1.538095772,,1
1.2103,-0.93183,,,,1.210299892,-0.931830063,,0.868307266,1.464825829,,1
1.2812,-0.9711,,,,1.281199892,-0.971100063,,0.943035332,1.641473163,,1
1.1705,-0.97368,,,,1.170499892,-0.973680063,,0.948052865,1.370069997,,1
0.9193,-0.9444,,,,0.919299892,-0.944400063,,0.891891479,0.845112291,,1
0.72732,-0.92256,,,,0.727319892,-0.922560063,,0.85111707,0.528994225,,1
0.62387,-0.91555,,,,0.623869892,-0.915550063,,0.838231918,0.389213642,,1
0.52266,-0.90695,,,,0.522659892,-0.906950063,,0.822558417,0.273173363,,1
0.36731,-0.88489,,,,0.367309892,-0.884890063,,0.783030424,0.134916557,,1
0.21761,-0.86092,,,,0.217609892,-0.860920063,,0.741183355,0.047354065,,1
0.068346,-0.83404,,,,0.068345892,-0.834040063,,0.695622827,0.004671161,,1
-0.043934,-0.81196,,,,-0.043934108,-0.811960063,,0.659279144,0.001930206,,1
-0.2278,-0.77253,,,,-0.227800108,-0.772530063,,0.596802698,0.051892889,,1
-0.15826,-0.78286,,,,-0.158260108,-0.782860063,,0.612869878,0.025046262,,1
-0.34404,-0.74074,,,,-0.344040108,-0.740740063,,0.548695841,0.118363596,,1
-0.35184,-0.73242,,,,-0.351840108,-0.732420063,,0.536439149,0.123791462,,1
-0.45086,-0.7047,,,,-0.450860108,-0.704700063,,0.496602179,0.203274837,,1
-0.61046,-0.66223,,,,-0.610460108,-0.662230063,,0.438548656,0.372661543,,1
-0.70266,-0.63076,,,,-0.702660108,-0.630760063,,0.397858257,0.493731227,,1
-0.75098,-0.6067,,,,-0.750980108,-0.606700063,,0.368084966,0.563971123,,1
-0.84447,-0.57214,,,,-0.844470108,-0.572140063,,0.327344252,0.713129763,,1
-0.83079,-0.55831,,,,-0.830790108,-0.558310063,,0.311710126,0.690212204,,1
-0.81375,-0.54545,,,,-0.813750108,-0.545450063,,0.297515771,0.662189238,,1
-1.003,-0.48944,,,,-1.003000108,-0.489440063,,0.239551575,1.006009217,,1
-1.0655,-0.45636,,,,-1.065500108,-0.456360063,,0.208264507,1.13529048,,1
-1.0113,-0.44662,,,,-1.011300108,-0.446620063,,0.199469481,1.022727908,,1
-1.1645,-0.39424,,,,-1.164500108,-0.394240063,,0.155425227,1.356060502,,1
-1.2797,-0.34681,,,,-1.279700108,-0.346810063,,0.12027722,1.637632366,,1
-1.2833,-0.32061,,,,-1.283300108,-0.320610063,,0.102790813,1.646859167,,1
-1.3101,-0.28943,,,,-1.310100108,-0.289430063,,0.083769761,1.716362293,,1
-1.2525,-0.27552,,,,-1.252500108,-0.275520063,,0.075911305,1.568756521,,1
-1.2231,-0.2568,,,,-1.223100108,-0.256800063,,0.065946272,1.495973874,,1
-1.3188,-0.2123,,,,-1.318800108,-0.212300063,,0.045071317,1.739233725,,1
-1.4082,-0.16722,,,,-1.408200108,-0.167220063,,0.027962549,1.983027544,,1
-1.3631,-0.1487,,,,-1.363100108,-0.148700063,,0.022111709,1.858041904,,1
-1.3398,-0.12648,,,,-1.339800108,-0.126480063,,0.015997206,1.795064329,,1
-1.3333,-0.10118,,,,-1.333300108,-0.101180063,,0.010237405,1.777689178,,1
-1.4012,-0.060339,,,,-1.401200108,-0.060339063,,0.003640803,1.963361743,,1
-1.3029,-0.053183,,,,-1.302900108,-0.053183063,,0.002828438,1.697548691,,1
-1.344,-0.018584,,,,-1.344000108,-0.018584063,,0.000345367,1.80633629,,1
-1.399,0.019759,,,,-1.399000108,0.019758937,,0.000390416,1.957201302,,1
-1.4511,0.058591,,,,-1.451100108,0.058590937,,0.003432898,2.105691523,,1
-1.3954,0.075739,,,,-1.395400108,0.075738937,,0.005736387,1.947141461,,1
-1.3482,0.093581,,,,-1.348200108,0.093580937,,0.008757392,1.817643531,,1
-1.37,0.125,,,,-1.370000108,0.124999937,,0.015624984,1.876900296,,1
-1.2153,0.11965,,,,-1.215300108,0.119649937,,0.014316107,1.476954353,,1
-1.3973,0.18222,,,,-1.397300108,0.182219937,,0.033204105,1.952447592,,1
-1.4215,0.21514,,,,-1.421500108,0.215139937,,0.046285192,2.020662557,,1
-1.3273,0.22358,,,,-1.327300108,0.223579937,,0.049987988,1.761725577,,1
-1.4068,0.26675,,,,-1.406800108,0.266749937,,0.071155529,1.979086544,,1
-1.3688,0.28676,,,,-1.368800108,0.286759937,,0.082231261,1.873613736,,1
-1.442,0.32943,,,,-1.442000108,0.329429937,,0.108524083,2.079364311,,1
-1.355,0.33981,,,,-1.355000108,0.339809937,,0.115470793,1.836025293,,1
-1.4016,0.37662,,,,-1.401600108,0.376619937,,0.141842577,1.964482863,,1
-1.4396,0.41252,,,,-1.439600108,0.412519937,,0.170172698,2.072448471,,1
-1.4818,0.45009,,,,-1.481800108,0.450089937,,0.202580951,2.19573156,,1
-1.4518,0.47328,,,,-1.451800108,0.473279937,,0.223993899,2.107723554,,1
-1.2877,0.4676,,,,-1.287700108,0.467599937,,0.218649701,1.658171568,,1
-1.4113,0.51927,,,,-1.411300108,0.519269937,,0.269641267,1.991767995,,1
-1.3444,0.53327,,,,-1.344400108,0.533269937,,0.284376826,1.80741165,,1
-1.4756,0.58769,,,,-1.475600108,0.587689937,,0.345379462,2.177395679,,1
-1.4875,0.61959,,,,-1.487500108,0.619589937,,0.38389169,2.212656571,,1
-1.5202,0.65612,,,,-1.520200108,0.656119937,,0.430493372,2.311008368,,1
-1.4304,0.66746,,,,-1.430400108,0.667459937,,0.445502767,2.046044469,,1
-1.4948,0.70951,,,,-1.494800108,0.709509937,,0.503404351,2.234427363,,1
-1.5106,0.74262,,,,-1.510600108,0.742619937,,0.551484371,2.281912686,,1
-1.4412,0.75808,,,,-1.441200108,0.758079937,,0.574685191,2.077057751,,1
-1.2871,0.75429,,,,-1.287100108,0.754289937,,0.568953309,1.656626688,,1
-1.4524,0.81476,,,,-1.452400108,0.814759937,,0.663833755,2.109466074,,1
-1.5527,0.86483,,,,-1.552700108,0.864829937,,0.74793082,2.410877625,,1
-1.5065,0.88602,,,,-1.506500108,0.886019937,,0.785031329,2.269542575,,1
-1.4233,0.89848,,,,-1.423300108,0.898479937,,0.807266197,2.025783197,,1
-1.3584,0.91314,,,,-1.358400108,0.913139937,,0.833824545,1.845250853,,1
-1.3397,0.93624,,,,-1.339700108,0.936239937,,0.87654522,1.794796379,,1
-1.3911,0.97374,,,,-1.391100108,0.973739937,,0.948169465,1.93515951,,1
-1.1185,0.94413,,,,-1.118500108,0.944129937,,0.891381338,1.251042492,,1
-0.92808,0.9264,,,,-0.928080108,0.926399937,,0.858216843,0.861332687,,1
-0.79315,0.91653,,,,-0.793150108,0.916529937,,0.840027125,0.629087094,,1
-0.65817,0.90395,,,,-0.658170108,0.903949937,,0.817125489,0.433187891,,1
-0.50819,0.88549,,,,-0.508190108,0.885489937,,0.784092429,0.258257186,,1
-0.32687,0.85743,,,,-0.326870108,0.857429937,,0.735186097,0.106844068,,1
-0.087301,0.81346,,,,-0.087301108,0.813459937,,0.661717069,0.007621483,,1
-0.041292,0.8055,,,,-0.041292108,0.805499937,,0.648830148,0.001705038,,1
0.046113,0.78788,,,,0.046112892,0.787879937,,0.620754795,0.002126399,,1
0.14876,0.7653,,,,0.148759892,0.765299937,,0.585683994,0.022129505,,1
0.231,0.74497,,,,0.230999892,0.744969937,,0.554980207,0.05336095,,1
0.32016,0.72152,,,,0.320159892,0.721519937,,0.520591019,0.102502356,,1
0.42972,0.69198,,,,0.429719892,0.691979937,,0.478836233,0.184659186,,1
0.66636,0.63344,,,,0.666359892,0.633439937,,0.401246154,0.444035506,,1
0.83932,0.5836,,,,0.839319892,0.583599937,,0.340588886,0.704457881,,1
0.78359,0.5785,,,,0.783589892,0.578499937,,0.334662177,0.614013119,,1
0.85156,0.54843,,,,0.851559892,0.548429937,,0.300775396,0.72515425,,1
0.73189,0.55656,,,,0.731889892,0.556559937,,0.309758963,0.535662814,,1
0.95274,0.49528,,,,0.952739892,0.495279937,,0.245302216,0.907713302,,1
0.9998,0.46622,,,,0.999799892,0.466219937,,0.21736103,0.999599824,,1
1.0142,0.44309,,,,1.014199892,0.443089937,,0.196328692,1.028601421,,1
1.1092,0.4027,,,,1.109199892,0.402699937,,0.162167239,1.2303244,,1
1.1163,0.37892,,,,1.116299892,0.378919937,,0.143580319,1.246125449,,1
1.2956,0.31871,,,,1.295599892,0.318709937,,0.101576024,1.67857908,,1
1.2041,0.31198,,,,1.204099892,0.311979937,,0.097331481,1.44985655,,1
1.1691,0.29519,,,,1.169099892,0.295189937,,0.087137099,1.366794557,,1
1.2984,0.24443,,,,1.298399892,0.244429937,,0.059745994,1.68584228,,1
1.2979,0.21846,,,,1.297899892,0.218459937,,0.047724744,1.68454413,,1
1.4136,0.16801,,,,1.413599892,0.168009937,,0.028227339,1.998264655,,1
1.373,0.14818,,,,1.372999892,0.148179937,,0.021957294,1.885128703,,1
1.3956,0.11585,,,,1.395599892,0.115849937,,0.013421208,1.947699059,,1
1.3485,0.097764,,,,1.348499892,0.097763937,,0.009557787,1.818451959,,1
1.4642,0.046273,,,,1.464199892,0.046272937,,0.002141185,2.143881324,,1
1.2483,0.062397,,,,1.248299892,0.062396937,,0.003893378,1.55825262,,1
1.2352,0.040075,,,,1.235199892,0.040074937,,0.001606001,1.525718773,,1
1.3192,-0.002454,,,,1.319199892,-0.002454063,,6.02243E-06,1.740288355,,1
1.4083,-0.047731,,,,1.408299892,-0.047731063,,0.002278254,1.983308586,,1
1.3931,-0.072811,,,,1.393099892,-0.072811063,,0.005301451,1.940727309,,1
1.4374,-0.11012,,,,1.437399892,-0.110120063,,0.012126428,2.06611845,,1
1.3935,-0.12975,,,,1.393499892,-0.129750063,,0.016835079,1.941841949,,1
1.432,-0.16584,,,,1.431999892,-0.165840063,,0.027502926,2.050623691,,1
1.3874,-0.1852,,,,1.387399892,-0.185200063,,0.034299063,1.92487846,,1
1.557,-0.24883,,,,1.556999892,-0.248830063,,0.0619164,2.424248664,,1
1.5109,-0.27036,,,,1.510899892,-0.270360063,,0.073094564,2.282818484,,1
1.4977,-0.29792,,,,1.497699892,-0.297920063,,0.088756364,2.243104966,,1
1.4912,-0.32662,,,,1.491199892,-0.326620063,,0.106680666,2.223677118,,1
1.6045,-0.38045,,,,1.604499892,-0.380450063,,0.14474225,2.574419903,,1
1.5363,-0.39828,,,,1.536299892,-0.398280063,,0.158627009,2.360217358,,1
1.5236,-0.42646,,,,1.523599892,-0.426460063,,0.181868185,2.321356631,,1
1.3682,-0.42429,,,,1.368199892,-0.424290063,,0.180022058,1.871970944,,1
1.2695,-0.43097,,,,1.269499892,-0.430970063,,0.185735195,1.611629976,,1
1.3244,-0.46805,,,,1.324399892,-0.468050063,,0.219070861,1.754035074,,1
1.5321,-0.53845,,,,1.532099892,-0.538450063,,0.28992847,2.347330079,,1
1.4631,-0.55468,,,,1.463099892,-0.554680063,,0.307669972,2.140661294,,1
1.5026,-0.59237,,,,1.502599892,-0.592370063,,0.350902292,2.257806435,,1
1.5086,-0.62383,,,,1.508599892,-0.623830063,,0.389163948,2.275873634,,1
1.4698,-0.64593,,,,1.469799892,-0.645930063,,0.417225646,2.160311723,,1
1.512,-0.68435,,,,1.511999892,-0.684350063,,0.468335009,2.286143673,,1
1.3819,-0.68729,,,,1.381899892,-0.687290063,,0.472367631,1.909647312,,1
1.5069,-0.74141,,,,1.506899892,-0.741410063,,0.549688882,2.270747285,,1
1.5003,-0.77028,,,,1.500299892,-0.770280063,,0.593331375,2.250899766,,1
1.5074,-0.8019,,,,1.507399892,-0.801900063,,0.643043711,2.272254434,,1
1.3624,-0.80161,,,,1.362399892,-0.801610063,,0.642578693,1.856133466,,1
1.4874,-0.85532,,,,1.487399892,-0.855320063,,0.73157241,2.212358439,,1
1.4493,-0.87716,,,,1.449299892,-0.877160063,,0.769409776,2.100470177,,1
1.4841,-0.9136,,,,1.484099892,-0.913600063,,0.834665075,2.202552489,,1
1.3734,-0.92008,,,,1.373399892,-0.920080063,,0.846547322,1.886227263,,1
1.4048,-0.95429,,,,1.404799892,-0.954290063,,0.910669524,1.973462737,,1
1.2265,-0.94508,,,,1.226499892,-0.945080063,,0.893176325,1.504301985,,1
1.064,-0.93562,,,,1.063999892,-0.935620063,,0.875384902,1.13209577,,1
0.7247,-0.88563,,,,0.724699892,-0.885630063,,0.784340609,0.525189933,,1
0.58884,-0.87174,,,,0.588839892,-0.871740063,,0.759930737,0.346732418,,1
0.53939,-0.87335,,,,0.539389892,-0.873350063,,0.762740333,0.290941456,,1
0.39353,-0.85362,,,,0.393529892,-0.853620063,,0.728667212,0.154865776,,1
0.26947,-0.83557,,,,0.269469892,-0.835570063,,0.69817733,0.072614023,,1
0.032279,-0.79119,,,,0.032278892,-0.791190063,,0.625981716,0.001041927,,1
0.031599,-0.79193,,,,0.031598892,-0.791930063,,0.627153225,0.00099849,,1
-0.1108,-0.76277,,,,-0.110800108,-0.762770063,,0.581818169,0.012276664,,1
-0.25257,-0.73089,,,,-0.252570108,-0.730890063,,0.534200284,0.063791659,,1
-0.35333,-0.70481,,,,-0.353330108,-0.704810063,,0.496757225,0.124842165,,1
-0.36249,-0.69602,,,,-0.362490108,-0.696020063,,0.484443928,0.131399078,,1
-0.41859,-0.67714,,,,-0.418590108,-0.677140063,,0.458518665,0.175217679,,1
-0.50521,-0.6507,,,,-0.505210108,-0.650700063,,0.423410572,0.255237253,,1
-0.65123,-0.61,,,,-0.651230108,-0.610000063,,0.372100077,0.424100654,,1
-0.82171,-0.56121,,,,-0.821710108,-0.561210063,,0.314956735,0.675207502,,1
-0.80238,-0.54902,,,,-0.802380108,-0.549020063,,0.30142303,0.643813838,,1
-0.90513,-0.51148,,,,-0.905130108,-0.511480063,,0.261611855,0.819260512,,1
-1.0135,-0.4707,,,,-1.013500108,-0.470700063,,0.221558549,1.027182469,,1
-1.0046,-0.45247,,,,-1.004600108,-0.452470063,,0.204729158,1.009221377,,1
-1.1456,-0.40282,,,,-1.145600108,-0.402820063,,0.162264003,1.312399607,,1
-1.0145,-0.4077,,,,-1.014500108,-0.407700063,,0.166219341,1.029210469,,1
-1.0179,-0.38685,,,,-1.017900108,-0.386850063,,0.149652971,1.03612063,,1
-1.0604,-0.35767,,,,-1.060400108,-0.357670063,,0.127927874,1.124448389,,1
-1.0809,-0.33228,,,,-1.080900108,-0.332280063,,0.11041004,1.168345043,,1
-1.0215,-0.32334,,,,-1.021500108,-0.323340063,,0.104548796,1.043462471,,1
-1.0214,-0.30308,,,,-1.021400108,-0.303080063,,0.091857525,1.043258181,,1
-1.0681,-0.27293,,,,-1.068100108,-0.272930063,,0.074490819,1.140837841,,1
-1.1386,-0.23685,,,,-1.138600108,-0.236850063,,0.056097952,1.296410206,,1
-1.1689,-0.20783,,,,-1.168900108,-0.207830063,,0.043193335,1.366327462,,1
-1.1736,-0.1836,,,,-1.173600108,-0.183600063,,0.033708983,1.377337213,,1
-1.2192,-0.15064,,,,-1.219200108,-0.150640063,,0.022692429,1.486448903,,1
-1.1289,-0.14542,,,,-1.128900108,-0.145420063,,0.021146995,1.274415454,,1
-1.1811,-0.11198,,,,-1.181100108,-0.111980063,,0.012539535,1.394997465,,1
-1.2646,-0.070889,,,,-1.264600108,-0.070889063,,0.005025259,1.599213433,,1
-1.147,-0.070524,,,,-1.147000108,-0.070524063,,0.004973643,1.315609248,,1
-1.1837,-0.039982,,,,-1.183700108,-0.039982063,,0.001598565,1.401145946,,1
-1.2498,-0.0024995,,,,-1.249800108,-0.002499563,,6.24782E-06,1.56200031,,1
-1.3167,0.03647,,,,-1.316700108,0.036469937,,0.001330056,1.733699174,,1
-1.3328,0.066074,,,,-1.332800108,0.066073937,,0.004365765,1.776356128,,1
-1.4139,0.10969,,,,-1.413900108,0.109689937,,0.012031882,1.999113515,,1
-1.4041,0.13578,,,,-1.404100108,0.135779937,,0.018436191,1.971497113,,1
-1.4624,0.17603,,,,-1.462400108,0.176029937,,0.030986539,2.138614076,,1
-1.4171,0.19559,,,,-1.417100108,0.195589937,,0.038255423,2.008172716,,1
-1.2927,0.19759,,,,-1.292700108,0.197589937,,0.039041783,1.671073569,,1
-1.3692,0.23945,,,,-1.369200108,0.239449937,,0.057336272,1.874708936,,1
-1.4365,0.28089,,,,-1.436500108,0.280889937,,0.078899157,2.06353256,,1
-1.3686,0.29517,,,,-1.368600108,0.295169937,,0.087125292,1.873066256,,1
-1.1896,0.28469,,,,-1.189600108,0.284689937,,0.08104836,1.415148417,,1
-1.3676,0.34589,,,,-1.367600108,0.345889937,,0.119639849,1.870330055,,1
-1.3624,0.37201,,,,-1.362400108,0.372009937,,0.138391393,1.856134054,,1
-1.3876,0.40445,,,,-1.387600108,0.404449937,,0.163579752,1.92543406,,1
-1.3058,0.41483,,,,-1.305800108,0.414829937,,0.172083877,1.705113922,,1
-1.311,0.44191,,,,-1.311000108,0.441909937,,0.195284392,1.718721283,,1
-1.4699,0.50151,,,,-1.469900108,0.501509937,,0.251512217,2.160606327,,1
-1.335,0.50235,,,,-1.335000108,0.502349937,,0.252355459,1.782225288,,1
-1.2978,0.52107,,,,-1.297800108,0.521069937,,0.271513879,1.68428512,,1
-1.23,0.5326,,,,-1.230000108,0.532599937,,0.283662693,1.512900266,,1
-1.1804,0.54663,,,,-1.180400108,0.546629937,,0.298804288,1.393344415,,1
-1.3493,0.60571,,,,-1.349300108,0.605709937,,0.366884528,1.820610781,,1
-1.3479,0.63228,,,,-1.347900108,0.632279937,,0.399777919,1.816834701,,1
-1.3879,0.66756,,,,-1.387900108,0.667559937,,0.445636269,1.92626671,,1
-1.3718,0.69178,,,,-1.371800108,0.691779937,,0.478559481,1.881835536,,1
-1.3882,0.72256,,,,-1.388200108,0.722559937,,0.522092863,1.92709954,,1
-1.3557,0.74336,,,,-1.355700108,0.743359937,,0.552583996,1.837922783,,1
-1.2278,0.74338,,,,-1.227800108,0.743379937,,0.552613731,1.507493105,,1
-1.2507,0.77262,,,,-1.250700108,0.772619937,,0.596941567,1.56425076,,1
-1.2148,0.78996,,,,-1.214800108,0.789959937,,0.624036702,1.475739302,,1
-1.2903,0.83005,,,,-1.290300108,0.830049937,,0.688982898,1.664874369,,1
-1.2862,0.85487,,,,-1.286200108,0.854869937,,0.730802609,1.654310718,,1
-1.2669,0.8764,,,,-1.266900108,0.876399937,,0.76807685,1.605035884,,1
-1.1511,0.87719,,,,-1.151100108,0.877189937,,0.769462186,1.325031459,,1
-1.1654,0.90311,,,,-1.165400108,0.903109937,,0.815607558,1.358157412,,1
-0.96941,0.88513,,,,-0.969410108,0.885129937,,0.783455005,0.939755957,,1
-0.97656,0.90605,,,,-0.976560108,0.906049937,,0.820926488,0.953669645,,1
-0.68833,0.86483,,,,-0.688330108,0.864829937,,0.74793082,0.473798338,,1
-0.6132,0.86276,,,,-0.613200108,0.862759937,,0.744354709,0.376014372,,1
-0.55803,0.86339,,,,-0.558030108,0.863389937,,0.745442183,0.311397601,,1
-0.27413,0.81468,,,,-0.274130108,0.814679937,,0.6637034,0.075147316,,1
-0.19342,0.80314,,,,-0.193420108,0.803139937,,0.645033758,0.037411338,,1
-0.096607,0.78658,,,,-0.096607108,0.786579937,,0.618707997,0.009332933,,1
-0.054205,0.77955,,,,-0.054205108,0.779549937,,0.607698104,0.002938194,,1
-0.048409,0.77938,,,,-0.048409108,0.779379937,,0.607433086,0.002343442,,1
0.1223,0.74432,,,,0.122299892,0.744319937,,0.554012169,0.014957264,,1
0.23497,0.71808,,,,0.234969892,0.718079937,,0.515638796,0.05521085,,1
0.21317,0.71793,,,,0.213169892,0.717929937,,0.515423394,0.045441403,,1
0.40387,0.6734,,,,0.403869892,0.673399937,,0.453467475,0.16311089,,1
0.44534,0.65652,,,,0.445339892,0.656519937,,0.431018428,0.198327619,,1
0.53853,0.6279,,,,0.538529892,0.627899937,,0.394258331,0.290014445,,1
0.57191,0.61001,,,,0.571909892,0.610009937,,0.372112123,0.327080925,,1
0.51856,0.60974,,,,0.518559892,0.609739937,,0.371782791,0.268904362,,1
0.66273,0.56889,,,,0.662729892,0.568889937,,0.32363576,0.43921091,,1
0.72101,0.54327,,,,0.721009892,0.543269937,,0.295142224,0.519855264,,1
0.76615,0.51924,,,,0.766149892,0.519239937,,0.269610112,0.586985657,,1
