Time,Time,SP,PV,OP
1,18/07/24 0:26,0,0.110681415,-0.293070874
2,18/07/24 0:26,0,0.110881415,-0.567370874
3,18/07/24 0:26,0,0.108981415,-0.824070874
4,18/07/24 0:26,0,0.032181415,-0.480470874
5,18/07/24 0:27,0,-0.017118585,-0.155770874
6,18/07/24 0:27,0,-0.036918585,0.065829126
7,18/07/24 0:27,0,-0.046718585,0.256129126
8,18/07/24 0:27,0,-0.049318585,0.389329126
9,18/07/24 0:27,0,-0.050918585,0.520529126
10,18/07/24 0:28,0,-0.050818585,0.654529126
11,18/07/24 0:28,0,-0.051618585,0.839429126
12,18/07/24 0:28,0,-0.048718585,0.942329126
13,18/07/24 0:28,0,-0.046518585,1.046829126
14,18/07/24 0:28,0,-0.045118585,1.151029126
15,18/07/24 0:29,0,-0.044418585,1.266029126
16,18/07/24 0:29,0,-0.044318585,1.450529126
17,18/07/24 0:29,0,0.037281415,0.915529126
18,18/07/24 0:29,0,0.092581415,0.373629126
19,18/07/24 0:29,0,0.114181415,-0.005370874
20,18/07/24 0:30,0,0.127281415,-0.388870874
21,18/07/24 0:30,0,0.088581415,-0.588270874
22,18/07/24 0:30,0,0.017081415,-0.212270874
23,18/07/24 0:30,0,-0.020318585,0.048029126
24,18/07/24 0:30,0,-0.038118585,0.245829126
25,18/07/24 0:31,0,-0.046718585,0.408929126
26,18/07/24 0:31,0,-0.051318585,0.557029126
27,18/07/24 0:31,0,-0.049618585,0.715029126
28,18/07/24 0:31,0,-0.050118585,0.841929126
29,18/07/24 0:31,0,-0.050118585,0.976829126
30,18/07/24 0:32,0,-0.048018585,1.082329126
31,18/07/24 0:32,0,-0.047818585,1.220229126
32,18/07/24 0:32,0,-0.047918585,1.345629126
33,18/07/24 0:32,0,-0.044318585,1.422429126
34,18/07/24 0:32,0,0.021981415,1.028429126
35,18/07/24 0:33,0,0.091681415,0.394129126
36,18/07/24 0:33,0,0.121181415,-0.143470874
37,18/07/24 0:33,0,0.129281415,-0.532270874
38,18/07/24 0:33,0,0.115981415,-0.753470874
39,18/07/24 0:33,0,0.036981415,-0.382070874
40,18/07/24 0:34,0,-0.008618585,-0.105670874
41,18/07/24 0:34,0,-0.027818585,0.092529126
42,18/07/24 0:34,0,-0.034318585,0.215329126
43,18/07/24 0:34,0,-0.038718585,0.337529126
44,18/07/24 0:34,0,-0.067518585,0.651129126
45,18/07/24 0:35,0,-0.054218585,0.763529126
46,18/07/24 0:35,0,0.014881415,0.347229126
47,18/07/24 0:35,0,0.032581415,0.165429126
48,18/07/24 0:35,0,0.041881415,0.017929126
49,18/07/24 0:35,0,0.041381415,-0.079070874
50,18/07/24 0:36,0,0.048581415,-0.245670874
51,18/07/24 0:36,0,0.042781415,-0.370770874
52,18/07/24 0:36,0,0.046581415,-0.503270874
53,18/07/24 0:36,0,0.043681415,-0.584270874
54,18/07/24 0:36,0,0.047281415,-0.718470874
55,18/07/24 0:37,0,0.042381415,-0.805970874
56,18/07/24 0:37,0,0.045281415,-0.949070874
57,18/07/24 0:37,0,0.038281415,-0.996570874
58,18/07/24 0:37,0,0.036781415,-1.075170874
59,18/07/24 0:37,0,0.030781415,-1.114570874
60,18/07/24 0:37,0,-0.011318585,-0.880770874
61,18/07/24 0:38,0,-0.088818585,-0.152770874
62,18/07/24 0:38,0,-0.110318585,0.240729126
63,18/07/24 0:38,0,-0.115518585,0.551329126
64,18/07/24 0:38,0,-0.121418585,0.855829126
65,18/07/24 0:38,0,-0.069918585,0.764129126
66,18/07/24 0:39,0,-0.013018585,0.476529126
67,18/07/24 0:39,0,0.013781415,0.290829126
68,18/07/24 0:39,0,0.023281415,0.177629126
69,18/07/24 0:39,0,0.025481415,0.097129126
70,18/07/24 0:39,0,0.028081415,0.020729126
71,18/07/24 0:40,0,0.028481415,-0.049070874
72,18/07/24 0:40,0,0.025481415,-0.112570874
73,18/07/24 0:40,0,0.026181415,-0.181370874
74,18/07/24 0:40,0,0.024081415,-0.220570874
75,18/07/24 0:40,0,0.023981415,-0.281570874
76,18/07/24 0:41,0,0.024881415,-0.352770874
77,18/07/24 0:41,0,0.023581415,-0.415370874
78,18/07/24 0:41,0,0.025081415,-0.486970874
79,18/07/24 0:41,0,0.024481415,-0.534370874
80,18/07/24 0:41,0,0.019281415,-0.553670874
81,18/07/24 0:42,0,0.021881415,-0.629570874
82,18/07/24 0:42,0,0.020181415,-0.675570874
83,18/07/24 0:42,0,-0.042518585,-0.241370874
84,18/07/24 0:42,0,-0.093118585,0.270029126
85,18/07/24 0:42,0,-0.112718585,0.655729126
86,18/07/24 0:43,0,-0.053618585,0.636729126
87,18/07/24 0:43,0,0.003481415,0.304529126
88,18/07/24 0:43,0,0.021681415,0.141029126
89,18/07/24 0:43,0,0.031881415,0.008129126
90,18/07/24 0:43,0,0.031481415,-0.068270874
91,18/07/24 0:44,0,0.038181415,-0.204970874
92,18/07/24 0:44,0,0.034381415,-0.290870874
93,18/07/24 0:44,0,0.036081415,-0.398770874
94,18/07/24 0:44,0,0.034681415,-0.465270874
95,18/07/24 0:44,0,0.037481415,-0.574370874
96,18/07/24 0:45,0,0.040481415,-0.693970874
97,18/07/24 0:45,0,0.042581415,-0.843870874
98,18/07/24 0:45,0,0.044881415,-0.968970874
99,18/07/24 0:45,0,0.046681415,-1.091770874
100,18/07/24 0:45,0,0.045581415,-1.192470874
101,18/07/24 0:46,0,-0.001518585,-0.968070874
102,18/07/24 0:46,0,-0.071918585,-0.371970874
103,18/07/24 0:46,0,-0.093818585,-0.016470874
104,18/07/24 0:46,0,-0.097518585,0.242829126
105,18/07/24 0:46,0,-0.105718585,0.546329126
106,18/07/24 0:46,0,-0.103918585,0.769529126
107,18/07/24 0:47,0,-0.059218585,0.711029126
108,18/07/24 0:47,0,0.008881415,0.310929126
109,18/07/24 0:47,0,0.040681415,0.030429126
110,18/07/24 0:47,0,0.049481415,-0.140370874
111,18/07/24 0:47,0,0.054181415,-0.298670874
112,18/07/24 0:48,0,0.056381415,-0.447770874
113,18/07/24 0:48,0,0.064581415,-0.699470874
114,18/07/24 0:48,0,0.068781415,-0.892770874
115,18/07/24 0:48,0,0.067281415,-1.043570874
116,18/07/24 0:48,0,0.063781415,-1.192570874
117,18/07/24 0:49,0,0.065081415,-1.360070874
118,18/07/24 0:49,0,0.002181415,-1.131170874
119,18/07/24 0:49,0,-0.054618585,-0.673070874
120,18/07/24 0:49,0,-0.080718585,-0.326470874
121,18/07/24 0:49,0,-0.093418585,-0.002670874
122,18/07/24 0:50,0,-0.099118585,0.271029126
123,18/07/24 0:50,0,-0.101118585,0.527029126
124,18/07/24 0:50,0,-0.098818585,0.797529126
125,18/07/24 0:50,0,-0.067018585,0.792729126
126,18/07/24 0:50,0,0.005381415,0.376029126
127,18/07/24 0:51,0,0.032681415,0.138829126
128,18/07/24 0:51,0,0.050581415,-0.081670874
129,18/07/24 0:51,0,0.065181415,-0.365970874
130,18/07/24 0:51,0,0.067581415,-0.541170874
131,18/07/24 0:51,0,0.069981415,-0.727770874
132,18/07/24 0:52,0,0.072081415,-0.917270874
133,18/07/24 0:52,0,0.072581415,-1.178470874
134,18/07/24 0:52,0,0.046581415,-1.170370874
135,18/07/24 0:52,0,-0.033018585,-0.640170874
136,18/07/24 0:52,0,-0.073318585,-0.221370874
137,18/07/24 0:53,0,-0.086918585,0.071129126
138,18/07/24 0:53,0,-0.093418585,0.398029126
139,18/07/24 0:53,0,-0.094218585,0.635529126
140,18/07/24 0:53,0,-0.094518585,0.870529126
141,18/07/24 0:53,0,-0.091818585,1.058529126
142,18/07/24 0:54,0,0.013281415,0.453329126
143,18/07/24 0:54,0,0.054381415,0.078229126
144,18/07/24 0:54,0,0.072181415,-0.241870874
145,18/07/24 0:54,0,0.078081415,-0.465970874
146,18/07/24 0:54,0,0.078881415,-0.679070874
147,18/07/24 0:55,0,0.079981415,-0.876070874
148,18/07/24 0:55,0,0.078581415,-1.092770874
149,18/07/24 0:55,0,0.039281415,-1.031770874
150,18/07/24 0:55,0,-0.037318585,-0.508370874
151,18/07/24 0:55,0,-0.071318585,-0.125770874
152,18/07/24 0:56,0,-0.087118585,0.178229126
153,18/07/24 0:56,0,-0.091018585,0.457629126
154,18/07/24 0:56,0,-0.089918585,0.673529126
155,18/07/24 0:56,0,-0.092518585,0.915529126
156,18/07/24 0:56,0,-0.037218585,0.725929126
157,18/07/24 0:57,0,0.023181415,0.330929126
158,18/07/24 0:57,0,0.050881415,0.032029126
159,18/07/24 0:57,0,0.058881415,-0.159570874
160,18/07/24 0:57,0,0.063681415,-0.339270874
161,18/07/24 0:57,0,0.064781415,-0.505770874
162,18/07/24 0:57,0,0.065181415,-0.679670874
163,18/07/24 0:58,0,0.063781415,-0.881970874
164,18/07/24 0:58,0,0.061981415,-1.093870874
165,18/07/24 0:58,0,0.064481415,-1.251270874
166,18/07/24 0:58,0,0.010081415,-1.024170874
167,18/07/24 0:59,0,-0.050218585,-0.559570874
168,18/07/24 0:59,0,-0.082418585,-0.110470874
169,18/07/24 0:59,0,-0.091118585,0.164129126
170,18/07/24 0:59,0,-0.095918585,0.426329126
171,18/07/24 0:59,0,-0.100718585,0.699929126
172,18/07/24 1:00,0,-0.103418585,0.970829126
173,18/07/24 1:00,0,-0.045818585,0.817029126
174,18/07/24 1:00,0,0.017981415,0.414629126
175,18/07/24 1:00,0,0.050981415,0.087729126
176,18/07/24 1:00,0,0.059381415,-0.090170874
177,18/07/24 1:01,0,0.064581415,-0.300470874
178,18/07/24 1:01,0,0.066481415,-0.471970874
179,18/07/24 1:01,0,0.067281415,-0.640370874
180,18/07/24 1:01,0,0.064781415,-0.784070874
181,18/07/24 1:01,0,0.065581415,-0.960970874
182,18/07/24 1:01,0,0.064081415,-1.106470874
183,18/07/24 1:02,0,0.000681415,-0.795570874
184,18/07/24 1:02,0,-0.057318585,-0.327070874
185,18/07/24 1:02,0,-0.080718585,-0.012470874
186,18/07/24 1:02,0,-0.094218585,0.296729126
187,18/07/24 1:02,0,-0.100318585,0.577629126
188,18/07/24 1:03,0,-0.101918585,0.835529126
189,18/07/24 1:03,0,-0.098018585,1.120529126
190,18/07/24 1:03,0,-0.014518585,0.695529126
191,18/07/24 1:03,0,0.029981415,0.374529126
192,18/07/24 1:03,0,0.051881415,0.125329126
193,18/07/24 1:04,0,0.061581415,-0.092970874
194,18/07/24 1:04,0,0.066481415,-0.339070874
195,18/07/24 1:04,0,0.065981415,-0.498170874
196,18/07/24 1:04,0,0.068081415,-0.687770874
197,18/07/24 1:04,0,0.067981415,-0.866470874
198,18/07/24 1:05,0,0.065081415,-0.993170874
199,18/07/24 1:05,0,0.064581415,-1.190370874
200,18/07/24 1:05,0,-0.010118585,-0.749570874
201,18/07/24 1:05,0,-0.061618585,-0.309270874
202,18/07/24 1:05,0,-0.083718585,0.019129126
203,18/07/24 1:06,0,-0.091918585,0.287529126
204,18/07/24 1:06,0,-0.092918585,0.582029126
205,18/07/24 1:06,0,-0.092018585,0.803929126
206,18/07/24 1:06,0,-0.088218585,1.000529126
207,18/07/24 1:06,0,-0.076518585,1.130229126
208,18/07/24 1:06,0,0.000281415,0.691129126
209,18/07/24 1:07,0,0.047281415,0.312429126
210,18/07/24 1:07,0,0.070481415,-0.005670874
211,18/07/24 1:07,0,0.082281415,-0.291470874
212,18/07/24 1:07,0,0.088081415,-0.538970874
213,18/07/24 1:07,0,0.090881415,-0.754470874
214,18/07/24 1:08,0,0.092281415,-0.986070874
215,18/07/24 1:08,0,0.092181415,-1.208070874
216,18/07/24 1:08,0,0.034981415,-1.021570874
217,18/07/24 1:08,0,-0.028118585,-0.593070874
218,18/07/24 1:08,0,-0.056818585,-0.284070874
219,18/07/24 1:09,0,-0.066418585,-0.054170874
220,18/07/24 1:09,0,-0.070118585,0.157429126
221,18/07/24 1:09,0,-0.075318585,0.384729126
222,18/07/24 1:09,0,-0.073018585,0.536029126
223,18/07/24 1:09,0,-0.074018585,0.719629126
224,18/07/24 1:09,0,-0.068218585,0.856329126
225,18/07/24 1:10,0,-0.021718585,0.758429126
226,18/07/24 1:10,0,0.045481415,0.261929126
227,18/07/24 1:10,0,0.066281415,-0.080570874
228,18/07/24 1:10,0,0.063781415,-0.221970874
229,18/07/24 1:11,0,0.064481415,-0.369270874
230,18/07/24 1:11,0,0.063781415,-0.562070874
231,18/07/24 1:11,0,0.063081415,-0.709370874
232,18/07/24 1:11,0,0.062281415,-0.870270874
233,18/07/24 1:11,0,0.060881415,-1.022670874
234,18/07/24 1:12,0,0.058681415,-1.151570874
235,18/07/24 1:12,0,0.005581415,-0.945470874
236,18/07/24 1:12,0,-0.056318585,-0.460570874
237,18/07/24 1:12,0,-0.084718585,-0.092870874
238,18/07/24 1:12,0,-0.095618585,0.203929126
239,18/07/24 1:13,0,-0.103518585,0.548929126
240,18/07/24 1:13,0,-0.104118585,0.808629126
241,18/07/24 1:13,0,-0.103718585,1.176829126
242,18/07/24 1:13,0,-0.014318585,0.714129126
243,18/07/24 1:13,0,0.039081415,0.318429126
244,18/07/24 1:14,0,0.061481415,0.018329126
245,18/07/24 1:14,0,0.071081415,-0.227670874
246,18/07/24 1:14,0,0.076381415,-0.478670874
247,18/07/24 1:14,0,0.081081415,-0.683870874
248,18/07/24 1:14,0,0.085081415,-0.944170874
249,18/07/24 1:15,0,0.083281415,-1.136170874
250,18/07/24 1:15,0,-0.008718585,-0.649070874
251,18/07/24 1:15,0,-0.048318585,-0.307370874
252,18/07/24 1:15,0,-0.063518585,-0.068070874
253,18/07/24 1:15,0,-0.069218585,0.116229126
254,18/07/24 1:16,0,-0.071518585,0.337129126
255,18/07/24 1:16,0,-0.071918585,0.564629126
256,18/07/24 1:16,0,-0.075418585,0.782329126
257,18/07/24 1:16,0,-0.069518585,0.921129126
258,18/07/24 1:16,0,-0.065518585,1.075829126
259,18/07/24 1:17,0,-0.057818585,1.185029126
260,18/07/24 1:17,0,0.052481415,0.427829126
261,18/07/24 1:17,0,0.094681415,-0.026370874
262,18/07/24 1:17,0,0.113681415,-0.407970874
263,18/07/24 1:17,0,0.119581415,-0.730770874
264,18/07/24 1:18,0,0.094481415,-0.925370874
265,18/07/24 1:18,0,-0.002018585,-0.390470874
266,18/07/24 1:18,0,-0.038118585,-0.092470874
267,18/07/24 1:18,0,-0.052218585,0.128129126
268,18/07/24 1:18,0,-0.057518585,0.302929126
269,18/07/24 1:19,0,-0.059218585,0.470729126
270,18/07/24 1:19,0,-0.067718585,0.679729126
271,18/07/24 1:19,0,-0.084318585,1.034129126
272,18/07/24 1:19,0,-0.079618585,1.202929126
273,18/07/24 1:19,0,-0.024218585,0.979529126
274,18/07/24 1:20,0,0.033081415,0.574029126
275,18/07/24 1:20,0,0.060181415,0.261329126
276,18/07/24 1:20,0,0.068281415,0.017029126
277,18/07/24 1:20,0,0.076281415,-0.214270874
278,18/07/24 1:20,0,0.082981415,-0.485170874
279,18/07/24 1:21,0,0.080381415,-0.667370874
280,18/07/24 1:21,0,0.084181415,-0.926470874
281,18/07/24 1:21,0,0.064081415,-0.994370874
282,18/07/24 1:21,0,-0.015718585,-0.503070874
283,18/07/24 1:21,0,-0.051618585,-0.175970874
284,18/07/24 1:22,0,-0.070818585,0.134429126
285,18/07/24 1:22,0,-0.074818585,0.371629126
286,18/07/24 1:22,0,-0.077318585,0.572429126
287,18/07/24 1:22,0,-0.078518585,0.769729126
288,18/07/24 1:22,0,-0.075218585,0.934929126
289,18/07/24 1:22,0,-0.075018585,1.118829126
290,18/07/24 1:23,0,-0.069918585,1.261229126
291,18/07/24 1:23,0,0.015481415,0.744829126
292,18/07/24 1:23,0,0.059681415,0.350229126
293,18/07/24 1:23,0,0.079781415,0.044429126
294,18/07/24 1:23,0,0.088681415,-0.219870874
295,18/07/24 1:24,0,0.090481415,-0.453770874
296,18/07/24 1:24,0,0.088781415,-0.734470874
297,18/07/24 1:24,0,0.094381415,-0.995270874
298,18/07/24 1:24,0,0.043081415,-0.850470874
299,18/07/24 1:24,0,-0.042418585,-0.263670874
300,18/07/24 1:25,0,-0.081418585,0.174929126
301,18/07/24 1:25,0,-0.091918585,0.498529126
302,18/07/24 1:25,0,-0.096618585,0.760629126
303,18/07/24 1:25,0,-0.099318585,1.017829126
304,18/07/24 1:25,0,-0.045218585,0.855329126
305,18/07/24 1:26,0,0.021981415,0.424529126
306,18/07/24 1:26,0,0.056181415,0.081229126
307,18/07/24 1:26,0,0.067981415,-0.150370874
308,18/07/24 1:26,0,0.072281415,-0.346670874
309,18/07/24 1:26,0,0.074081415,-0.519170874
310,18/07/24 1:26,0,0.075181415,-0.706070874
311,18/07/24 1:27,0,0.073381415,-0.875570874
312,18/07/24 1:27,0,0.070481415,-1.033370874
313,18/07/24 1:27,0,0.019181415,-0.841170874
314,18/07/24 1:27,0,-0.045918585,-0.358470874
315,18/07/24 1:27,0,-0.072218585,-0.034370874
316,18/07/24 1:28,0,-0.083618585,0.234929126
317,18/07/24 1:28,0,-0.091418585,0.520929126
318,18/07/24 1:28,0,-0.091418585,0.745729126
319,18/07/24 1:28,0,-0.093418585,0.987629126
320,18/07/24 1:28,0,-0.073418585,1.071829126
321,18/07/24 1:29,0,0.018481415,0.514629126
322,18/07/24 1:29,0,0.060281415,0.095529126
323,18/07/24 1:29,0,0.074781415,-0.167170874
324,18/07/24 1:29,0,0.077281415,-0.351870874
325,18/07/24 1:29,0,0.085281415,-0.604770874
326,18/07/24 1:29,0,0.080781415,-0.795370874
327,18/07/24 1:30,0,0.079081415,-1.017170874
328,18/07/24 1:30,0,0.029081415,-0.845570874
329,18/07/24 1:30,0,-0.051318585,-0.262070874
330,18/07/24 1:30,0,-0.085418585,0.126629126
331,18/07/24 1:30,0,-0.106018585,0.543929126
332,18/07/24 1:31,0,-0.109218585,0.827029126
333,18/07/24 1:31,0,-0.074718585,0.871129126
334,18/07/24 1:31,0,-0.002318585,0.466029126
335,18/07/24 1:31,0,0.033081415,0.183229126
336,18/07/24 1:31,0,0.050081415,-0.036070874
337,18/07/24 1:32,0,0.057581415,-0.229870874
338,18/07/24 1:32,0,0.059181415,-0.382670874
339,18/07/24 1:32,0,0.059981415,-0.534670874
340,18/07/24 1:32,0,0.060381415,-0.684370874
341,18/07/24 1:32,0,0.061381415,-0.839770874
342,18/07/24 1:33,0,0.061681415,-1.004670874
343,18/07/24 1:33,0,0.060781415,-1.146370874
344,18/07/24 1:33,0,0.059781415,-1.283470874
345,18/07/24 1:33,0,-0.013218585,-0.855170874
346,18/07/24 1:33,0,-0.067018585,-0.384070874
347,18/07/24 1:33,0,-0.088818585,-0.058970874
348,18/07/24 1:34,0,-0.101118585,0.258029126
349,18/07/24 1:34,0,-0.107718585,0.580829126
350,18/07/24 1:34,0,-0.109118585,0.852429126
351,18/07/24 1:34,0,-0.061018585,0.760929126
352,18/07/24 1:34,0,0.007081415,0.360229126
353,18/07/24 1:35,0,0.043981415,0.043429126
354,18/07/24 1:35,0,0.051281415,-0.170070874
355,18/07/24 1:35,0,0.056181415,-0.336270874
356,18/07/24 1:35,0,0.056981415,-0.476670874
357,18/07/24 1:35,0,0.056581415,-0.615270874
358,18/07/24 1:36,0,0.057881415,-0.773670874
359,18/07/24 1:36,0,0.055481415,-0.951570874
360,18/07/24 1:36,0,0.051681415,-1.056370874
361,18/07/24 1:36,0,0.055681415,-1.212870874
362,18/07/24 1:36,0,0.017881415,-1.069870874
363,18/07/24 1:37,0,-0.055018585,-0.526570874
364,18/07/24 1:37,0,-0.093218585,-0.006370874
365,18/07/24 1:37,0,-0.107418585,0.336729126
366,18/07/24 1:37,0,-0.122818585,0.743129126
367,18/07/24 1:37,0,-0.105618585,0.956829126
368,18/07/24 1:38,0,-0.030518585,0.606429126
369,18/07/24 1:38,0,0.008281415,0.367729126
370,18/07/24 1:38,0,0.021281415,0.241229126
371,18/07/24 1:38,0,0.027981415,0.136529126
372,18/07/24 1:38,0,0.029281415,0.060829126
373,18/07/24 1:39,0,0.027481415,0.003129126
374,18/07/24 1:39,0,0.031981415,-0.101770874
375,18/07/24 1:39,0,0.029781415,-0.159170874
376,18/07/24 1:39,0,0.029281415,-0.230370874
377,18/07/24 1:39,0,0.030881415,-0.305970874
378,18/07/24 1:39,0,0.028381415,-0.362070874
379,18/07/24 1:40,0,0.029781415,-0.440170874
380,18/07/24 1:40,0,0.034981415,-0.554070874
381,18/07/24 1:40,0,0.037781415,-0.660670874
382,18/07/24 1:40,0,0.039481415,-0.765870874
383,18/07/24 1:40,0,0.033281415,-0.806270874
384,18/07/24 1:41,0,-0.022618585,-0.488170874
385,18/07/24 1:41,0,-0.085818585,0.092329126
386,18/07/24 1:41,0,-0.106218585,0.488329126
387,18/07/24 1:41,0,-0.114118585,0.810229126
388,18/07/24 1:41,0,-0.104518585,1.019129126
389,18/07/24 1:42,0,-0.018818585,0.592729126
390,18/07/24 1:42,0,0.019181415,0.330829126
391,18/07/24 1:42,0,0.037481415,0.122829126
392,18/07/24 1:42,0,0.045581415,-0.035870874
393,18/07/24 1:42,0,0.049781415,-0.167070874
394,18/07/24 1:43,0,0.051781415,-0.394870874
395,18/07/24 1:43,0,0.051581415,-0.520470874
396,18/07/24 1:43,0,0.053081415,-0.683570874
397,18/07/24 1:43,0,0.057181415,-0.847170874
398,18/07/24 1:43,0,0.053381415,-0.978270874
399,18/07/24 1:44,0,0.054681415,-1.122070874
400,18/07/24 1:44,0,0.054681415,-1.280470874
401,18/07/24 1:44,0,0.051381415,-1.391470874
402,18/07/24 1:44,0,-0.039818585,-0.776570874
403,18/07/24 1:44,0,-0.081318585,-0.343170874
404,18/07/24 1:45,0,-0.099918585,0.043229126
405,18/07/24 1:45,0,-0.106718585,0.385029126
406,18/07/24 1:45,0,-0.115518585,0.731629126
407,18/07/24 1:45,0,-0.101218585,0.922929126
408,18/07/24 1:45,0,-0.024818585,0.552829126
409,18/07/24 1:46,0,0.013481415,0.300329126
410,18/07/24 1:46,0,0.032581415,0.076029126
411,18/07/24 1:46,0,0.036481415,-0.034370874
412,18/07/24 1:46,0,0.041081415,-0.149970874
413,18/07/24 1:46,0,0.042281415,-0.257370874
414,18/07/24 1:47,0,0.040181415,-0.344270874
415,18/07/24 1:47,0,0.043081415,-0.539970874
416,18/07/24 1:47,0,0.043581415,-0.648470874
417,18/07/24 1:47,0,0.045081415,-0.756670874
418,18/07/24 1:47,0,0.045981415,-0.871370874
419,18/07/24 1:48,0,0.048481415,-1.001470874
420,18/07/24 1:48,0,0.047881415,-1.134570874
421,18/07/24 1:48,0,-0.022118585,-0.719170874
422,18/07/24 1:48,0,-0.071518585,-0.277270874
423,18/07/24 1:48,0,-0.098118585,0.131129126
424,18/07/24 1:49,0,-0.110318585,0.466529126
425,18/07/24 1:49,0,-0.116618585,0.834729126
426,18/07/24 1:49,0,-0.116418585,1.114329126
427,18/07/24 1:49,0,-0.024618585,0.687529126
428,18/07/24 1:49,0,0.024381415,0.349829126
429,18/07/24 1:50,0,0.049981415,0.076629126
430,18/07/24 1:50,0,0.062081415,-0.142770874
431,18/07/24 1:50,0,0.059881415,-0.290570874
432,18/07/24 1:50,0,0.064581415,-0.472170874
433,18/07/24 1:50,0,0.064881415,-0.619370874
434,18/07/24 1:50,0,0.058781415,-0.726970874
435,18/07/24 1:51,0,0.060181415,-0.880570874
436,18/07/24 1:51,0,0.062281415,-1.056970874
437,18/07/24 1:51,0,0.012181415,-0.851970874
438,18/07/24 1:51,0,-0.058818585,-0.302770874
439,18/07/24 1:51,0,-0.084918585,0.037029126
440,18/07/24 1:52,0,-0.108918585,0.480529126
441,18/07/24 1:52,0,-0.113118585,0.780529126
442,18/07/24 1:52,0,-0.088918585,1.023929126
443,18/07/24 1:52,0,-0.004018585,0.550429126
444,18/07/24 1:52,0,0.046681415,0.131229126
445,18/07/24 1:53,0,0.057381415,-0.056270874
446,18/07/24 1:53,0,0.066381415,-0.316770874
447,18/07/24 1:53,0,0.070681415,-0.509170874
448,18/07/24 1:53,0,0.070781415,-0.693370874
449,18/07/24 1:53,0,0.068581415,-0.850470874
450,18/07/24 1:54,0,0.065881415,-0.992570874
451,18/07/24 1:54,0,-0.010518585,-0.615670874
452,18/07/24 1:54,0,-0.073818585,-0.072770874
453,18/07/24 1:54,0,-0.105018585,0.358929126
454,18/07/24 1:54,0,-0.114318585,0.668529126
455,18/07/24 1:55,0,-0.116818585,1.014629126
456,18/07/24 1:55,0,-0.029418585,0.663329126
457,18/07/24 1:55,0,0.032381415,0.229929126
458,18/07/24 1:55,0,0.052381415,0.000929126
459,18/07/24 1:55,0,0.068381415,-0.258870874
460,18/07/24 1:56,0,0.075581415,-0.501070874
461,18/07/24 1:56,0,0.077781415,-0.774070874
462,18/07/24 1:56,0,0.078981415,-0.976070874
463,18/07/24 1:56,0,0.056781415,-1.015570874
464,18/07/24 1:56,0,-0.035018585,-0.413370874
465,18/07/24 1:57,0,-0.076318585,0.008329126
466,18/07/24 1:57,0,-0.096118585,0.374729126
467,18/07/24 1:57,0,-0.100918585,0.648029126
468,18/07/24 1:57,0,-0.102018585,0.883829126
469,18/07/24 1:57,0,-0.080618585,0.984629126
470,18/07/24 1:57,0,0.008381415,0.459129126
471,18/07/24 1:58,0,0.055581415,0.056629126
472,18/07/24 1:58,0,0.070281415,-0.199270874
473,18/07/24 1:58,0,0.082781415,-0.489670874
474,18/07/24 1:58,0,0.075781415,-0.618470874
475,18/07/24 1:58,0,0.072581415,-0.776270874
476,18/07/24 1:59,0,0.065981415,-0.912870874
477,18/07/24 1:59,0,0.021881415,-0.755270874
478,18/07/24 1:59,0,-0.053418585,-0.195870874
479,18/07/24 1:59,0,-0.088718585,0.243129126
480,18/07/24 1:59,0,-0.106118585,0.601829126
481,18/07/24 2:00,0,-0.113218585,1.009429126
482,18/07/24 2:00,0,-0.053718585,0.963829126
483,18/07/24 2:00,0,0.008481415,0.586329126
484,18/07/24 2:00,0,0.046281415,0.257529126
485,18/07/24 2:00,0,0.055981415,0.066729126
486,18/07/24 2:01,0,0.064581415,-0.136970874
487,18/07/24 2:01,0,0.067081415,-0.378970874
488,18/07/24 2:01,0,0.063281415,-0.508870874
489,18/07/24 2:01,0,0.068881415,-0.707970874
490,18/07/24 2:01,0,0.063981415,-0.833170874
491,18/07/24 2:02,0,0.060581415,-0.989170874
492,18/07/24 2:02,0,-0.045418585,-0.278470874
493,18/07/24 2:02,0,-0.080318585,0.119629126
494,18/07/24 2:02,0,-0.095118585,0.436429126
495,18/07/24 2:02,0,-0.103218585,0.732329126
496,18/07/24 2:03,0,-0.102418585,1.092029126
497,18/07/24 2:03,0,-0.064318585,1.093429126
498,18/07/24 2:03,0,0.015581415,0.605029126
499,18/07/24 2:03,0,0.059781415,0.201529126
500,18/07/24 2:03,0,0.074881415,-0.063370874
501,18/07/24 2:04,0,0.080281415,-0.306470874
502,18/07/24 2:04,0,0.081081415,-0.508970874
503,18/07/24 2:04,0,0.081381415,-0.747670874
504,18/07/24 2:04,0,0.052181415,-0.723570874
505,18/07/24 2:04,0,-0.046418585,-0.048770874
506,18/07/24 2:05,0,-0.083518585,0.363429126
507,18/07/24 2:05,0,-0.095718585,0.730729126
508,18/07/24 2:05,0,-0.098418585,1.029829126
509,18/07/24 2:05,0,-0.090118585,1.212529126
510,18/07/24 2:05,0,0.001281415,0.695929126
511,18/07/24 2:06,0,0.054981415,0.258929126
512,18/07/24 2:06,0,0.079981415,-0.113770874
513,18/07/24 2:06,0,0.085581415,-0.351370874
514,18/07/24 2:06,0,0.089481415,-0.573670874
515,18/07/24 2:06,0,0.091181415,-0.800070874
516,18/07/24 2:07,0,0.061981415,-0.838670874
517,18/07/24 2:07,0,-0.022718585,-0.308870874
518,18/07/24 2:07,0,-0.052218585,-0.011470874
519,18/07/24 2:07,0,-0.065818585,0.229429126
520,18/07/24 2:07,0,-0.071618585,0.433729126
521,18/07/24 2:07,0,-0.070818585,0.589629126
522,18/07/24 2:08,0,-0.068718585,0.762229126
523,18/07/24 2:08,0,-0.069318585,0.936629126
524,18/07/24 2:08,0,-0.067218585,1.070229126
525,18/07/24 2:08,0,-0.065618585,1.225029126
526,18/07/24 2:08,0,-0.015118585,1.003129126
527,18/07/24 2:09,0,0.023981415,0.721129126
528,18/07/24 2:09,0,0.049081415,0.411929126
529,18/07/24 2:09,0,0.055381415,0.243929126
530,18/07/24 2:09,0,0.053581415,0.124129126
531,18/07/24 2:09,0,0.062081415,-0.073270874
532,18/07/24 2:10,0,0.071381415,-0.314870874
533,18/07/24 2:10,0,0.066981415,-0.501770874
534,18/07/24 2:10,0,0.069381415,-0.709770874
535,18/07/24 2:10,0,0.078081415,-0.949070874
536,18/07/24 2:10,0,0.053981415,-0.966970874
537,18/07/24 2:11,0,-0.020618585,-0.492470874
538,18/07/24 2:11,0,-0.060118585,-0.120970874
539,18/07/24 2:11,0,-0.067518585,0.087529126
540,18/07/24 2:11,0,-0.075618585,0.318029126
541,18/07/24 2:11,0,-0.073718585,0.504529126
542,18/07/24 2:12,0,-0.075918585,0.717329126
543,18/07/24 2:12,0,-0.082218585,0.952629126
544,18/07/24 2:12,0,-0.077018585,1.114829126
545,18/07/24 2:12,0,-0.076418585,1.295429126
546,18/07/24 2:12,0,0.006281415,0.827029126
547,18/07/24 2:12,0,0.055481415,0.417629126
548,18/07/24 2:13,0,0.082081415,0.068729126
549,18/07/24 2:13,0,0.092181415,-0.212270874
550,18/07/24 2:13,0,0.093381415,-0.442770874
551,18/07/24 2:13,0,0.089381415,-0.638670874
552,18/07/24 2:13,0,0.090781415,-0.867070874
553,18/07/24 2:14,0,0.020081415,-0.538670874
554,18/07/24 2:14,0,-0.043618585,-0.064870874
555,18/07/24 2:14,0,-0.069118585,0.251229126
556,18/07/24 2:14,0,-0.073418585,0.454129126
557,18/07/24 2:14,0,-0.082218585,0.686229126
558,18/07/24 2:14,0,-0.084218585,0.905229126
559,18/07/24 2:15,0,-0.078418585,1.083429126
560,18/07/24 2:15,0,-0.073118585,1.264729126
561,18/07/24 2:15,0,-0.052218585,1.278029126
562,18/07/24 2:15,0,0.017981415,0.838029126
563,18/07/24 2:15,0,0.046681415,0.560029126
564,18/07/24 2:16,0,0.058381415,0.352329126
565,18/07/24 2:16,0,0.071281415,0.107929126
566,18/07/24 2:16,0,0.077481415,-0.188870874
567,18/07/24 2:16,0,0.077481415,-0.373170874
568,18/07/24 2:16,0,0.075381415,-0.545170874
569,18/07/24 2:17,0,0.076981415,-0.744570874
570,18/07/24 2:17,0,0.077281415,-0.930670874
571,18/07/24 2:17,0,0.011581415,-0.699970874
572,18/07/24 2:17,0,-0.040618585,-0.310570874
573,18/07/24 2:17,0,-0.066018585,-0.001470874
574,18/07/24 2:18,0,-0.081818585,0.303129126
575,18/07/24 2:18,0,-0.085418585,0.565529126
576,18/07/24 2:18,0,-0.086718585,0.783429126
577,18/07/24 2:18,0,-0.087818585,1.002429126
578,18/07/24 2:18,0,-0.086918585,1.208029126
579,18/07/24 2:19,0,-0.025518585,0.971929126
580,18/07/24 2:19,0,0.036481415,0.519229126
581,18/07/24 2:19,0,0.051681415,0.306129126
582,18/07/24 2:19,0,0.057581415,0.134029126
583,18/07/24 2:19,0,0.059581415,-0.018770874
584,18/07/24 2:20,0,0.059281415,-0.172370874
585,18/07/24 2:20,0,0.061081415,-0.408270874
586,18/07/24 2:20,0,0.058481415,-0.552670874
587,18/07/24 2:20,0,0.056481415,-0.682170874
588,18/07/24 2:20,0,0.058381415,-0.845670874
589,18/07/24 2:21,0,0.059781415,-0.999270874
590,18/07/24 2:21,0,-0.020818585,-0.576870874
591,18/07/24 2:21,0,-0.072918585,-0.101470874
592,18/07/24 2:21,0,-0.090418585,0.218529126
593,18/07/24 2:21,0,-0.104518585,0.554729126
594,18/07/24 2:22,0,-0.107118585,0.828729126
595,18/07/24 2:22,0,-0.113118585,1.138929126
596,18/07/24 2:22,0,-0.053118585,1.014429126
597,18/07/24 2:22,0,0.004581415,0.673529126
598,18/07/24 2:22,0,0.044981415,0.304329126
599,18/07/24 2:23,0,0.052081415,0.133829126
600,18/07/24 2:23,0,0.059181415,-0.082170874
601,18/07/24 2:23,0,0.056681415,-0.233970874
602,18/07/24 2:23,0,0.060281415,-0.398270874
603,18/07/24 2:23,0,0.058881415,-0.535870874
604,18/07/24 2:24,0,0.060381415,-0.674270874
605,18/07/24 2:24,0,0.062981415,-0.859270874
606,18/07/24 2:24,0,0.070981415,-1.105570874
607,18/07/24 2:24,0,-0.005118585,-0.684070874
608,18/07/24 2:24,0,-0.052218585,-0.285470874
609,18/07/24 2:25,0,-0.077018585,0.060929126
610,18/07/24 2:25,0,-0.089918585,0.371729126
611,18/07/24 2:25,0,-0.091318585,0.600229126
612,18/07/24 2:25,0,-0.089118585,0.807929126
613,18/07/24 2:25,0,-0.089818585,1.031729126
614,18/07/24 2:25,0,-0.086418585,1.239329126
615,18/07/24 2:26,0,0.010681415,0.710929126
616,18/07/24 2:26,0,0.054481415,0.336329126
617,18/07/24 2:26,0,0.076081415,0.030729126
618,18/07/24 2:26,0,0.085381415,-0.226570874
619,18/07/24 2:26,0,0.088081415,-0.454670874
620,18/07/24 2:27,0,0.087281415,-0.660770874
621,18/07/24 2:27,0,0.085381415,-0.858070874
622,18/07/24 2:27,0,0.064781415,-0.922170874
623,18/07/24 2:27,0,-0.014518585,-0.441770874
624,18/07/24 2:27,0,-0.052618585,-0.094370874
625,18/07/24 2:28,0,-0.071118585,0.186129126
626,18/07/24 2:28,0,-0.079118585,0.421329126
627,18/07/24 2:28,0,-0.078418585,0.700729126
628,18/07/24 2:28,0,-0.083218585,0.930529126
629,18/07/24 2:28,0,-0.079818585,1.120629126
630,18/07/24 2:29,0,-0.063318585,1.196329126
631,18/07/24 2:29,0,0.031081415,0.589129126
632,18/07/24 2:29,0,0.073481415,0.140429126
633,18/07/24 2:29,0,0.089281415,-0.168070874
634,18/07/24 2:29,0,0.095781415,-0.441570874
635,18/07/24 2:30,0,0.099781415,-0.707070874
636,18/07/24 2:30,0,0.085381415,-0.915270874
637,18/07/24 2:30,0,0.007881415,-0.488270874
638,18/07/24 2:30,0,-0.039518585,-0.118470874
639,18/07/24 2:30,0,-0.060018585,0.159529126
640,18/07/24 2:31,0,-0.069118585,0.397429126
641,18/07/24 2:31,0,-0.081318585,0.728529126
642,18/07/24 2:31,0,-0.090518585,0.999029126
643,18/07/24 2:31,0,-0.095918585,1.262829126
644,18/07/24 2:31,0,-0.026018585,0.984129126
645,18/07/24 2:32,0,0.038581415,0.517729126
646,18/07/24 2:32,0,0.062681415,0.225829126
647,18/07/24 2:32,0,0.073681415,-0.018170874
648,18/07/24 2:32,0,0.077581415,-0.227470874
649,18/07/24 2:32,0,0.079681415,-0.431270874
650,18/07/24 2:32,0,0.077481415,-0.588170874
651,18/07/24 2:33,0,0.075081415,-0.779070874
652,18/07/24 2:33,0,0.022281415,-0.569170874
653,18/07/24 2:33,0,-0.040318585,-0.112870874
654,18/07/24 2:33,0,-0.070018585,0.230529126
655,18/07/24 2:33,0,-0.081518585,0.480029126
656,18/07/24 2:34,0,-0.088118585,0.771829126
657,18/07/24 2:34,0,-0.092618585,1.041529126
658,18/07/24 2:34,0,-0.089618585,1.243929126
659,18/07/24 2:34,0,-0.059518585,1.270129126
660,18/07/24 2:34,0,0.009981415,0.850929126
661,18/07/24 2:35,0,0.049881415,0.492629126
662,18/07/24 2:35,0,0.063881415,0.262329126
663,18/07/24 2:35,0,0.068381415,-0.007170874
664,18/07/24 2:35,0,0.069381415,-0.184070874
665,18/07/24 2:35,0,0.075381415,-0.396270874
666,18/07/24 2:36,0,0.118481415,-0.955970874
667,18/07/24 2:36,0,0.016581415,-0.483070874
668,18/07/24 2:36,0,-0.047218585,-0.007470874
669,18/07/24 2:36,0,-0.080518585,0.395229126
670,18/07/24 2:36,0,-0.079618585,0.590229126
671,18/07/24 2:37,0,-0.059218585,0.637129126
672,18/07/24 2:37,0,-0.056418585,0.752629126
673,18/07/24 2:37,0,-0.069218585,0.990229126
674,18/07/24 2:37,0,-0.077918585,1.227429126
675,18/07/24 2:37,0,-0.041318585,1.152129126
676,18/07/24 2:37,0,0.037081415,0.616129126
677,18/07/24 2:38,0,0.071581415,0.229229126
678,18/07/24 2:38,0,0.087281415,-0.071170874
679,18/07/24 2:38,0,0.098981415,-0.374470874
680,18/07/24 2:38,0,0.105181415,-0.665170874
681,18/07/24 2:38,0,0.116381415,-0.985770874
682,18/07/24 2:39,0,0.031381415,-0.601770874
683,18/07/24 2:39,0,-0.022318585,-0.238970874
684,18/07/24 2:39,0,-0.046518585,0.019729126
685,18/07/24 2:39,0,-0.054418585,0.199629126
686,18/07/24 2:39,0,-0.056818585,0.336629126
687,18/07/24 2:40,0,-0.075518585,0.624129126
688,18/07/24 2:40,0,-0.089318585,0.937929126
689,18/07/24 2:40,0,-0.090018585,1.186329126
690,18/07/24 2:40,0,-0.047418585,1.089129126
691,18/07/24 2:40,0,0.027681415,0.599729126
692,18/07/24 2:41,0,0.055781415,0.298329126
693,18/07/24 2:41,0,0.067481415,0.020429126
694,18/07/24 2:41,0,0.072281415,-0.179470874
695,18/07/24 2:41,0,0.074181415,-0.357170874
696,18/07/24 2:41,0,0.076281415,-0.552670874
697,18/07/24 2:42,0,0.075981415,-0.748670874
698,18/07/24 2:42,0,0.074181415,-0.985070874
699,18/07/24 2:42,0,0.063381415,-1.087870874
700,18/07/24 2:42,0,-0.019518585,-0.571670874
701,18/07/24 2:42,0,-0.055218585,-0.235170874
702,18/07/24 2:43,0,-0.070518585,0.043029126
703,18/07/24 2:43,0,-0.080118585,0.381529126
704,18/07/24 2:43,0,-0.081818585,0.592729126
705,18/07/24 2:43,0,-0.082318585,0.796029126
706,18/07/24 2:43,0,-0.081518585,1.013929126
707,18/07/24 2:44,0,-0.079118585,1.190729126
708,18/07/24 2:44,0,-0.013618585,0.968529126
709,18/07/24 2:44,0,0.046881415,0.517729126
710,18/07/24 2:44,0,0.074081415,0.183629126
711,18/07/24 2:44,0,0.086081415,-0.097170874
712,18/07/24 2:45,0,0.092081415,-0.353070874
713,18/07/24 2:45,0,0.096681415,-0.692870874
714,18/07/24 2:45,0,0.092181415,-0.893470874
715,18/07/24 2:45,0,0.053981415,-0.823370874
716,18/07/24 2:45,0,-0.024718585,-0.313570874
717,18/07/24 2:45,0,-0.061418585,0.042129126
718,18/07/24 2:46,0,-0.081118585,0.460129126
719,18/07/24 2:46,0,-0.084218585,0.686229126
720,18/07/24 2:46,0,-0.087218585,0.916329126
721,18/07/24 2:46,0,-0.086918585,1.146129126
