Time,PV,OP
1,-1.431678767,0.322819566
2,1.01770783,-0.772086287
3,-0.469825739,-0.958506728
4,-0.17571258,-2.450572157
5,-1.667472834,-0.930812026
6,-4.80538177,0.407364702
7,-1.865074152,0.203106737
8,-2.084938044,0.938156938
9,-0.617042536,-0.746417189
10,0.833763128,-0.860858107
11,-0.279151911,-1.693785811
12,-2.93378448,-0.509493971
13,-3.647911066,0.151192521
14,7.228996282,-2.661784316
15,-0.562522883,-0.139468337
16,0.969032293,-0.013331557
17,1.411994939,-1.209838057
18,-3.797737116,-0.77142253
19,-3.01114654,1.254429674
20,0.063591009,-0.085658217
21,3.248222356,-1.096442366
22,-2.431724543,-0.230036879
23,-2.657768244,-0.731581832
24,-3.575828547,-1.38784709
25,-3.453895564,-0.392127181
26,-0.829933161,-0.131129408
27,0.96364594,-0.12367549
28,0.275444036,-1.335406447
29,-2.117942805,-1.577059889
30,-4.866798396,0.492443895
31,-2.283012385,-0.400187636
32,-1.612602229,-0.876479292
33,0.052726751,1.186016893
34,-1.716835017,0.411160325
35,1.179847723,-1.036654616
36,-0.072334284,-1.836081648
37,-4.303642268,-0.782527114
38,-2.735008234,0.613835191
39,-0.518898005,0.341065263
40,-0.094078059,-0.743106032
41,1.028511053,-1.648326064
42,-1.239997858,-2.048529769
43,-1.37140655,-1.497355605
44,-2.486808772,-1.27362361
45,-4.956184382,-0.061946059
46,-2.569511408,1.310940599
47,11.92687226,0.323273515
48,-0.17571258,-0.314780379
49,0.952796941,-0.328753615
50,0.101646429,-0.534526015
51,0.145118719,-1.412135268
52,-1.777229304,-1.288165236
53,-0.748023982,-0.071341658
54,-2.845405573,0.834915971
55,15.03740693,-0.898600722
56,-3.764457697,-0.677901412
57,-1.043037409,-1.200724745
58,-4.125602717,0.423588609
59,1.438972478,-0.840144301
60,0.432807928,-1.052615309
61,-2.062919611,-0.865637923
62,-1.365959162,0.611538743
63,-0.666160578,-1.362406874
64,-1.272850031,-1.008235121
65,-0.164817805,-0.412840987
66,-1.146965022,-0.688170577
67,0.416557317,-1.144808913
68,-2.04642486,-0.591391707
69,-3.531486506,-1.486289168
70,-1.491966242,-0.567710066
71,-0.655220026,-1.52306285
72,-2.150917048,-1.326586867
73,-2.994560236,0.172459459
74,-4.777473444,1.630444383
75,-0.824470515,-0.539401198
76,-1.272850031,-0.947859908
77,-0.780784602,-2.73866191
78,-4.565498347,-0.461039687
79,-3.758903498,0.515381669
80,-0.546150202,-0.001818801
81,-1.920021052,-0.270114089
82,1.147422796,-0.896903182
83,0.579231268,0.614228105
84,-4.047752375,-0.395991469
85,0.172264104,0.987988328
86,-1.092277522,-0.471949721
87,-1.344032282,-0.382781172
88,-2.194969172,0.112297868
89,-2.989051814,1.10030446
90,-0.497077937,-1.521681929
91,-1.043037409,0.410336351
92,0.562965398,-1.686457778
93,-1.568717951,-0.864768172
94,-0.726203913,-1.318057204
95,-0.518898005,0.216324663
96,-1.25093841,-0.387618208
97,-3.033271784,0.997528886
98,-2.31053924,-6.10402217
99,0.844612127,-0.057227278
100,-0.36081695,-0.317149306
101,0.704917913,-1.724726821
102,-3.09960174,-0.649306441
103,-2.294029231,0.357884263
104,-3.431739802,0.785168504
105,-4.153404231,0.402714586
106,-1.119606013,1.205696916
107,-5.325340266,-6.843173171
108,-2.66878509,-0.842566634
109,2.873863226,-1.977393294
110,-1.996971125,-0.936957503
111,-2.101432795,0.067116594
112,-2.751564021,-5.335215712
113,-1.239997858,0.163304185
114,18.53528596,-0.038508559
115,-0.840858454,-0.728461409
116,0.270011907,-0.471465254
117,1.179847723,-1.22977748
118,-2.22246551,0.103497362
119,-4.665870661,-8.457423354
120,-3.664558405,-0.165820265
121,-3.088554377,-0.757601882
122,-3.000099177,0.306038713
123,-2.194969172,-0.66708293
124,0.036415105,-0.191767836
125,0.579231268,0.425198411
126,1.422782903,-0.536448622
127,-1.420722956,-0.128340865
128,-2.519889826,-0.033732558
129,0.242866521,-0.796282912
130,0.74175263,0.01052556
131,0.18857575,-0.125670577
132,-1.541313166,0.536255693
133,3.653816228,0.605130052
134,-0.393516535,-0.072199965
135,-0.317253107,0.316841936
136,-0.224678034,-0.064856673
137,-1.08133697,0.092324113
138,-2.906150813,0.173966264
139,0.459938055,-1.411547804
140,1.49829865,-1.297755385
141,1.1690445,-1.124117995
142,-3.453895564,-0.082072402
143,0.736320501,-0.779475356
144,14.80606843,-0.22662654
145,1.60074616,-0.877547408
146,0.806709295,-1.144080306
147,0.226570135,-0.759841109
148,1.530662542,0.361843919
149,-1.25093841,0.230873918
150,-3.964363093,0.720265245
151,-0.115867609,0.088085985
152,0.504005437,-1.042174483
153,1.789329534,-1.345397139
154,3.274925237,-1.002982283
155,1.212272649,-0.742030287
156,-0.290016169,-1.174594069
157,-4.710502619,0.287323808
158,2.450462347,-0.638583327
159,-0.922782893,-0.991404677
160,0.373130804,-0.183283949
161,0.079902654,-1.691382552
162,-1.475517268,0.677864885
163,-1.294761652,-4.940356398
164,-0.988380427,0.210175371
165,-1.629051203,0.253960466
166,-0.20835113,0.008866167
167,-1.470054621,-0.085021163
168,-0.159385676,-1.664801741
169,0.02010346,-0.609778548
170,-0.420753474,-0.831912184
171,-0.939170832,0.422089433
172,2.568443304,0.305470323
173,0.920341497,-0.006030226
174,-0.066902155,-0.765742446
175,-1.032112116,-0.01965251
176,-0.818992609,0.23336873
177,1.902366643,-1.17200389
178,1.438972478,-1.381457472
179,-1.103202815,-0.28780284
180,-0.993858332,0.859448289
181,-1.10868072,1.02645955
182,-1.294761652,1.091465806
183,1.136619573,0.151932573
184,-3.37631988,-0.030581618
185,-1.804664607,1.750981187
186,-0.349937434,0.345444536
187,0.655067449,-0.27488246
188,1.708518987,-2.335974837
189,-1.163383479,-0.869853163
190,-2.641212458,0.830983018
191,-2.685340876,-2.80865016
192,-2.878547663,1.611367082
193,12.30435944,0.556019639
194,-2.426200861,0.567135667
195,-1.218116755,-2.43081584
196,-4.114448542,-1.124182845
197,-1.420722956,-1.872412825
198,-3.609107966,-0.415393019
199,-2.029930109,0.021447038
200,-4.598960871,-0.886599684
201,-3.348640437,-1.561976576
202,-0.911872858,-1.292384291
203,-3.254524226,-1.552069808
204,-4.231300349,-0.202136183
205,-4.504173274,0.280659532
206,-5.70645904,-0.314208174
207,-3.675651545,-0.84557643
208,-0.791694636,-1.644862319
209,-2.77916717,-0.561946059
210,-5.179832453,-0.285479689
211,-7.278831477,-0.236132765
212,-4.320350642,-0.158633376
213,-2.305015559,-0.931021834
214,-2.294029231,-1.744403029
215,-1.651008601,-0.469145918
216,-4.526451106,-0.756354476
217,-4.810981745,-0.487811232
218,-3.731147761,-0.95513835
219,-1.305702204,0.570175981
220,-1.640022273,-0.902823592
221,-1.272850031,-0.938719893
222,-0.480720515,-1.492156172
223,-3.842155451,-0.586829329
224,-4.699348444,0.863964891
225,19.70755768,-0.301451827
226,-3.564750666,-1.207953597
227,-2.635673518,0.318249559
228,-4.097801203,-0.477908278
229,-1.092277522,-0.524615431
230,-4.83889007,0.822468614
231,-4.576637263,-5.118342543
232,-0.764396662,-0.688925887
233,15.19818879,-0.324595595
234,-1.793693537,-0.242953444
235,1.476737981,-0.536204482
236,-1.72234344,0.267216539
237,-1.026634211,0.87644658
238,-3.91991424,-0.09085002
239,-1.969490046,1.544930314
240,1.314857488,-0.325934554
241,-0.066902155,0.584938859
242,-1.229057307,0.767350053
243,2.026084905,0.21780095
244,-1.229057307,0.817303514
245,-3.498222346,0.566944932
246,-2.906150813,0.590092515
247,-0.655220026,0.723072862
248,2.879203802,-0.906352187
249,-3.603553767,-0.782576705
250,-2.740501399,-5.77324977
251,-0.246467585,1.232888078
252,-0.153938288,1.647400712
253,-1.568717951,-0.219004775
254,-0.80260467,-1.851191664
255,2.300163274,0.22675023
256,-0.80260467,4.128910875
257,-3.525932307,0.268097734
258,4.679954534,1.645005083
259,9.904579168,0.593773698
260,7.317924505,0.405079698
261,6.920097356,-0.024382735
262,6.442649847,0.739106035
263,4.074516302,1.947171068
264,5.769050603,2.7451447
265,8.890678411,2.11082158
266,8.80765534,1.670357561
267,7.23947907,0.421254014
268,9.066932684,0.353768205
269,7.579216009,0.163159227
270,1.638481145,1.560875749
271,3.611167913,1.00964055
272,-0.80260467,1.306202745
273,0.925758367,-0.050234938
274,4.356224065,-0.263529921
275,0.270011907,-0.250430251
276,0.904136663,0.672543382
277,10.85672761,1.961369371
278,1.066368108,-0.100756789
279,-9.191169733,-1.182700301
280,-1.043037409,-4.939124251
281,0.59545136,-0.25295558
282,1.422782903,-2.064330245
283,-2.663261408,-1.517649794
284,-1.464561457,-0.358550215
285,-0.715263361,-0.198912764
286,-2.519889826,-0.50302806
287,0.952796941,1.289078569
288,0.985252386,0.870026445
289,-0.742546076,1.555996751
290,2.697120672,0.66576085
291,-0.202919001,0.815293168
292,0.882484441,0.504219865
293,10.7232132,-2.162856246
294,-0.132163996,0.777436113
295,3.109260564,-0.003939772
296,-6.883033747,-2.780284072
297,15.1931839,0.530487871
298,-0.835380549,-5.03843608
299,0.470787054,0.944432115
300,1.509117132,0.733097886
301,3.365715032,1.123768663
302,0.752571111,0.201748704
303,2.836357122,-1.627596999
304,-0.132163996,0.195832109
305,1.044746404,1.024144029
306,14.48372651,-0.217127944
307,0.693000799,0.464543199
308,3.54718781,1.155377244
309,4.748863226,-0.226981307
310,3.264244085,-0.394328261
311,3.461799627,-0.211848403
312,0.090766912,1.231781816
313,17.02799225,1.56609044
314,0.969032293,2.100800371
315,2.595283514,1.788464403
316,5.700523382,0.003125047
317,0.801307684,0.145275926
318,-0.469825739,-0.85445323
319,1.174446111,-0.380122328
320,0.030998235,0.777722215
321,0.990669256,1.750012254
322,0.51959992,1.34344182
323,4.732963567,-0.318850661
324,4.159599309,-1.316878462
325,1.492927557,-1.650756026
326,-0.671592707,-0.856074477
327,-1.021186823,0.125099992
328,-2.244468684,-0.327128554
329,0.5412674,0.008339738
330,-0.039710993,0.789467668
331,0.763404851,0.597660875
332,0.411125188,-1.351851607
333,-2.712928767,-0.258231307
334,-0.518898005,0.773419237
335,-0.137611384,0.136868333
336,-1.075859065,0.41783986
337,-0.431648249,1.032223558
338,-0.780784602,1.039353227
339,-2.079429621,1.115822648
340,-1.513908381,0.643727159
341,-0.366279597,0.54366765
342,1.379615789,-0.441172743
343,1.033927923,-1.580500746
344,-2.464790339,-4.325026656
345,1.902366643,0.480027055
346,-0.001625056,0.30046544
347,-0.388053889,0.985745286
348,2.284049993,0.204144334
349,-0.687965388,0.633866167
350,2.386054998,0.698616838
351,-1.037590022,0.340363359
352,-1.283790583,0.16399846
353,0.56836701,-0.972254897
354,-0.917335505,-0.057200575
355,-1.048515315,0.156647539
356,-1.141517634,0.551022386
357,0.237449651,-10.32836452
358,1.01770783,0.218762254
359,2.009971624,-0.096415663
360,1.546836858,0.808354234
361,-1.239997858,-0.221476698
362,-0.284568781,-0.005782271
363,-1.508415217,0.979344224
364,1.309455877,0.78850255
365,-1.431678767,-0.633124495
366,-1.338569636,-1.617079878
367,-1.25093841,-0.242133284
368,-2.216957087,0.552571153
369,-1.898048396,0.09759984
370,-0.922782893,-0.90511241
371,2.670326238,-0.015639449
372,-1.749778742,-7.757411147
373,-0.567955012,-0.772582198
374,-1.574226374,0.585789537
375,-2.007957453,0.395562028
376,-3.686775202,-4.430949355
377,0.079902654,0.175698137
378,-1.568717951,-0.107653761
379,0.617149358,-0.721541548
380,0.763404851,-0.046069289
381,-3.071952815,-0.405947829
382,-2.062919611,-0.411242629
383,1.57920075,0.528344011
384,-0.300910944,0.314492082
385,-2.327064509,0.691902971
386,1.250053411,-0.682566786
387,2.327003484,-0.920573378
388,-4.548774714,1.344689226
389,-2.514366145,0.453720903
390,-2.481300349,-0.983164931
391,-1.481010432,0.613602495
392,-0.371711726,0.441826677
393,-0.682533259,-1.057452345
394,0.161415105,-2.017523909
395,0.795890813,-1.424803877
396,-2.812294001,0.040863847
397,-0.409858698,-0.441542769
398,-1.749778742,0.08536992
399,1.125831609,-2.082453871
400,-3.343086237,-0.229785109
401,-3.138328547,-6.348292494
402,-0.813545222,0.410836076
403,-2.42067718,1.132580614
404,0.736320501,-1.170218611
405,0.5412674,-2.008845473
406,-3.000099177,-0.912921095
407,-4.476325983,0.630917406
408,-3.154930109,0.363594865
409,-1.32213592,0.213684892
410,-1.316658015,0.989285325
411,-2.024452204,1.338795518
412,1.411994939,0.633599138
413,0.264595037,-0.767405654
414,-0.982902522,-0.969779158
415,-4.036628718,-0.748950148
416,-3.903251643,-9.185530806
417,-0.917335505,-0.006972457
418,1.028511053,0.109730577
419,-3.598030085,-0.356700087
420,-3.320960993,-0.411254073
421,-2.018943781,-0.801287795
422,-2.823326106,0.172772264
423,-3.165992732,0.568806505
424,-0.388053889,0.562405443
425,-3.160438532,0.067597246
426,0.079902654,-0.080329085
427,2.171241766,0.406620836
428,5.056037908,1.059811448
429,7.71491242,0.42068181
430,13.69078827,4.807171678
431,8.714241033,1.027352189
432,10.09023285,1.151032304
433,8.412910467,0.086689805
434,7.808845525,0.398747301
435,8.116325384,0.839028215
436,5.837562566,0.777760362
437,8.968452459,0.775204515
438,8.869911199,0.286305284
439,8.074653631,-0.382304335
440,10.07476044,2.433152055
441,1.347251897,0.470429277
442,-2.079429621,0.491730546
443,4.849540716,0.764649248
444,0.210273748,1.503102159
445,2.412879949,1.028889512
446,3.237541204,0.220200395
447,-0.366279597,0.868679857
448,2.863136297,-0.329035903
449,0.638832098,-0.129443312
450,1.552253728,0.344078874
451,1.325660711,0.371865129
452,2.873863226,-1.526801253
453,-1.01026153,-0.195407057
454,-1.10868072,-0.326514388
455,-1.048515315,0.626091813
456,-1.032112116,0.000225877
457,1.217643743,0.975266313
458,17.95652009,0.460282182
459,-2.530906672,2.227242326
460,9.847816473,-1.536540175
461,18.03079987,0.856282091
462,2.036842351,-1.084052229
463,-0.061439509,-0.690524245
464,0.801307684,0.139881944
465,0.801307684,1.140469407
466,-1.08133697,0.113446092
467,-1.234535212,0.143574571
468,3.563163763,-0.378230239
469,2.085212713,-0.530596877
470,1.821601873,4.0602921
471,0.275444036,1.092701768
472,-0.409858698,-0.742129469
473,12.61498261,1.136643266
474,-2.978019709,0.579720354
475,0.693000799,0.420880174
476,-0.061439509,-0.713549758
477,2.096000677,0.089005327
478,-0.557044978,-1.020442153
479,2.670326238,-0.87776866
480,-1.272850031,-8.339137221
481,-0.535224909,-0.135642195
482,-0.982902522,0.57025609
483,0.600883489,1.34412465
484,-2.23897552,0.779431199
485,-1.563255305,-1.009753371
486,-0.633415217,-1.086901808
487,0.920341497,-1.654013777
488,-0.911872858,-0.025138045
489,0.155967718,-0.896224166
490,0.481620794,0.187142229
491,-3.243461604,-8.260069991
492,-0.507957453,0.120091295
493,-2.327064509,-6.668124343
494,-1.782722468,0.1266335
495,-0.235588068,-0.210723067
496,-3.326484675,-0.058627272
497,-3.105140681,-6.230822707
498,-1.535820002,0.329121446
499,-1.40428924,0.344029283
500,15.06757355,0.68479619
501,-1.920021052,-7.736376906
502,-0.835380549,-0.245318556
503,-0.813545222,0.099255418
504,-1.190727229,-0.486437941
505,16.51975251,0.033943986
506,-3.581398005,0.010163164
507,-1.289268488,0.484524583
508,16.59955597,-0.234168196
509,1.886207586,-0.601546431
510,0.313423162,-0.752429152
511,-0.944663996,-0.377692366
512,8.30890656,-4.403060103
513,-3.154930109,1.142498826
514,-0.988380427,-0.517546797
515,-0.720726008,0.906151628
516,1.44437409,0.267285203
517,-0.279151911,0.41765294
518,0.346000677,-0.236666823
519,-4.270240778,-1.527522231
520,-2.178459162,0.413693284
521,-0.290016169,0.197777604
522,0.525001531,-0.678454543
523,-2.057441706,0.005562639
524,-1.278343195,0.111111497
525,-1.508415217,0.533825731
526,8.097358709,-0.079375411
527,-0.890022273,0.688999986
528,-2.398658747,-0.245822096
529,-3.088554377,0.532254075
530,-2.013465876,0.887680864
531,1.487525945,0.221905565
532,0.514167791,-1.220770979
533,1.071754461,-1.767947341
534,-0.12128448,0.592869615
535,4.244667059,1.465298509
536,-2.090415949,0.183358049
537,-0.333595271,0.793793535
538,0.936576849,0.254048204
539,-0.890022273,-0.651164198
540,-0.186592097,-0.029109145
541,0.041862493,0.184315538
542,-1.39333343,0.637707567
543,-2.101432795,-0.156256819
544,16.03517914,-1.506495619
545,-1.37140655,-0.310084487
546,-1.837623591,1.374611711
547,-1.760749812,-0.298434401
548,-0.028800959,-0.78029933
549,3.33902741,-0.488909865
550,-0.420753474,-0.418055678
551,0.5412674,-1.080580855
552,0.720069891,0.096608018
553,-0.890022273,-8.33272853
554,-0.371711726,0.775101518
555,8.438896184,-3.835421706
556,-0.045127863,-0.428595687
557,1.239265447,-0.022498274
558,1.422782903,-0.634524489
559,1.896965032,-0.842936659
560,-0.017936701,-1.822291518
561,-1.843132014,-1.644915724
562,-1.223564143,-1.378035689
563,1.314857488,-1.07446971
564,1.541435247,1.899906969
565,-0.731636042,-0.48400035
566,-1.694908137,-1.194300795
567,-1.859611506,1.837696886
568,-1.223564143,0.831772661
569,-0.398979182,1.056553697
570,0.920341497,0.44550023
571,1.142021184,-1.318316603
572,-1.749778742,0.102181291
573,0.421958929,0.284851884
574,13.69583893,-0.039778853
575,1.455162054,0.052185869
576,-1.925514216,-0.772967482
577,1.07718659,-1.386244917
578,-3.343086237,-0.44417491
579,17.83261872,-0.049376631
580,0.611717229,-0.676596785
581,-0.584312434,-0.462016249
582,-1.272850031,1.08764348
583,-4.46515655,2.517578935
584,13.19928742,4.278004503
585,15.32874299,4.965557908
586,17.63425446,3.629944658
587,20.20790864,1.560734605
588,12.16161347,2.630520677
589,12.90480805,0.549031114
590,10.71805573,2.029705858
591,-3.670127863,0.13924489
592,-2.183937067,-0.953196669
593,-8.819602961,-1.985205794
594,-10.72008514,-0.671721602
595,-12.60660552,-0.762938643
596,-10.88758087,-0.191542769
597,-12.22180938,-0.425852919
598,-9.403068537,-1.112082625
599,0.492454534,0.313649034
600,13.96894074,0.430249071
601,-2.591560358,1.054146623
602,-1.092277522,2.651478624
603,3.568504339,0.902062272
604,4.287178045,1.188896989
605,4.992515569,0.613751268
606,8.833625799,-6.341105605
607,16.55464936,1.558003282
608,15.60460663,0.711182451
609,4.918388372,1.382286882
610,5.858665472,0.146698808
611,5.08248139,-0.155154372
612,6.463676458,-1.271315718
613,3.696464544,-0.885623122
614,5.12480927,-0.70633998
615,3.707145696,0.27079091
616,3.946815496,0.810238695
617,4.902503973,-0.715060378
618,2.868492132,1.07409749
619,0.660484319,-0.732333327
620,17.33135224,1.192391252
621,2.954139715,-0.499449874
622,14.8664322,-1.37587657
623,1.848548894,1.595375871
624,6.920097356,3.041607713
625,-0.928260798,-0.547721053
626,1.44437409,-0.269641066
627,1.271675115,0.14863286
628,0.297172552,0.50635991
629,-0.546150202,-0.050730849
630,-3.359703059,1.184010362
631,1.740852361,1.179158067
632,1.681602483,0.204289293
633,2.820304876,-1.89263835
634,1.44979096,1.332707261
635,1.713920599,0.757096147
636,3.755088811,1.187741136
637,2.820304876,1.017098283
638,6.589683538,0.592232561
639,4.796546941,1.318222856
640,3.803047185,0.674816942
641,6.248191839,0.130310869
642,5.12480927,-0.063166762
643,6.689399725,-0.551180983
644,5.09305573,0.358055925
645,4.15430451,1.038628435
646,8.454490667,0.745560502
647,6.085105901,1.171666002
648,4.462440496,1.619610643
649,3.290946966,2.104008531
650,2.93807221,2.950051164
651,7.270835882,2.287819719
652,5.921897893,1.79026494
653,5.12480927,0.348996019
654,6.600181585,0.100975847
655,5.066612249,-0.399207259
656,5.695228582,-0.290057326
657,2.284049993,1.305104112
658,4.891914373,0.967625474
659,6.079856878,0.439617967
660,7.761878973,-1.699206496
661,1.697761541,0.588368272
662,0.308021551,-0.705172682
663,1.708518987,-0.897524977
664,2.498725896,-1.614878798
665,0.606315618,-1.495303298
666,-2.475807185,-0.801577712
667,-2.61913299,-1.294345046
668,-2.360115046,-0.142565871
669,-4.833290095,0.500099992
670,-6.071525568,-0.520873213
671,-3.659034724,-0.025309706
672,-1.54680633,-2.541621352
673,-1.90354156,-0.80701747
674,-9.511955256,-0.287943984
675,-4.844474787,-0.884646559
676,-5.45973968,0.309777116
677,-4.236839289,-0.362666274
678,-0.562522883,-2.012114668
679,-3.703422541,-0.985621596
680,-3.981040949,-1.361895705
681,-4.120018,-8.685897017
682,-2.216957087,-3.552210951
683,8.932167059,0.866932725
684,-1.914527888,-5.35338893
685,-0.464363093,-2.340354109
686,-0.050575251,0.834378099
687,-2.013465876,1.303822374
688,-1.859611506,1.453938341
689,0.449089056,0.307164049
690,0.139671331,1.498455858
691,1.50371552,0.631955003
692,2.375328069,0.869252061
693,-0.104957575,-4.86573329
694,14.18106843,0.572159624
695,-0.1484909,0.480763292
696,1.082588201,0.468720292
697,3.44046784,-0.103636885
698,3.765769964,-0.607909346
699,3.83499909,-0.725730086
700,1.80008698,-0.803877974
701,2.402168279,0.314064836
702,2.659584051,-1.034014845
703,1.611549383,-0.408873702
704,0.063591009,0.546360826
705,2.670326238,-0.194655562
706,0.242866521,-4.301234389
707,11.76850129,0.314122056
708,1.239265447,1.009293413
709,2.085212713,0.105519151
710,2.611366277,-1.006537581
711,3.856285101,-0.709086562
712,-0.748023982,0.488839006
713,1.39043427,1.457188463
714,2.257194524,0.231259202
715,1.778526311,0.041119432
716,2.300163274,-0.476607466
717,3.621833807,-1.280818129
718,-1.174339289,1.132317399
719,0.936576849,1.442784166
720,-1.032112116,2.684166765
721,-0.056022639,2.0342072
722,2.654243475,0.111401414
723,3.653816228,-1.424842024
724,2.122871404,0.081078386
725,2.337730413,0.085152482
726,-1.141517634,0.774189805
727,0.920341497,-0.471930647
728,2.117485052,-0.424246932
729,1.433601385,-1.240397597
730,3.824333196,-0.624262953
731,-0.80260467,0.950028276
732,-0.317253107,-3.071299697
733,-2.569511408,-3.06734767
734,13.23986054,1.310471391
735,1.417411809,-0.246165419
736,5.304557806,-1.561755324
737,4.122383123,0.280728197
738,19.78612519,-0.102416182
739,2.412879949,0.262314653
740,0.047279363,0.710789537
741,-2.233467097,1.283726549
742,-1.601631159,-1.192084456
743,1.01229096,-1.496863509
744,-2.635673518,-2.048148299
745,-4.448463435,-2.339083815
746,-4.509773249,0.471180772
747,-10.02294158,0.050816392
748,-6.285316462,-1.861468459
749,-5.712074274,-3.207781935
750,-8.374732966,-1.209246779
751,-10.52390289,0.009426927
752,-9.242698664,-7.154547835
753,4.430580144,0.556919908
754,9.418968206,-1.50875392
755,-4.710502619,-2.626383925
756,-8.808189387,-1.704482222
757,-6.899971003,0.076020097
758,-8.842430109,-0.632292891
759,-6.437385554,0.104100084
760,-5.028816218,-0.283091689
761,-5.168617243,-1.403769637
762,-7.17697906,-1.192835951
763,-9.299949641,0.876858568
764,-11.0841751,4.984700059
765,4.281852727,0.925663804
766,3.962776189,-0.034766341
767,5.616127019,-0.539515639
768,4.13300324,1.358776903
769,3.866966253,1.754063463
770,8.584419256,2.868409013
771,8.72461701,1.590809678
772,9.883918768,5.405587053
773,9.667106634,1.409977769
774,11.55886078,-0.55865779
775,5.827034002,0.339810228
776,-0.034263606,1.326531267
777,-0.344474787,1.540051317
778,2.122871404,0.974247789
779,0.990669256,1.610653734
780,3.25888825,1.462735032
781,2.900611883,0.956688737
782,4.27652741,-0.982489729
783,1.196052557,0.922371721
784,1.794685369,0.44159398
785,0.058174139,1.130993699
786,-3.154930109,2.142697191
787,-4.598960871,0.864445543
788,-1.387840266,0.258686876
789,-0.045127863,-1.800326491
790,-4.164512629,0.226349687
791,-4.587791438,0.895161485
792,-3.947685236,1.392742967
793,-4.286933894,-2.699313307
794,5.742698675,1.576870775
795,6.400627142,0.22215352
796,4.12770844,1.351658677
797,2.477287298,2.689946031
798,3.936164861,2.254753923
799,4.96074677,1.777798509
800,4.058555608,2.468769884
801,4.97663117,0.602646684
802,8.303703313,-0.177722121
803,2.471916204,1.544461107
804,2.954139715,3.356842851
805,7.291786199,1.195393419
806,3.845649725,2.878239488
807,8.449317937,1.087689256
808,7.631416326,0.189637041
809,5.394386297,-0.859156752
810,2.058341985,0.181156969
811,1.69235993,2.769642686
812,0.979835516,2.882222032
813,5.145942693,1.89333043
814,4.44651032,3.254719591
815,5.858665472,0.580483293
816,3.33902741,1.716992235
817,4.891914373,1.080986833
818,6.374351507,2.877125596
819,1.552253728,1.175946092
820,2.852424627,0.355954027
821,2.085212713,0.192726945
822,1.114997869,1.051121568
823,-1.125099177,0.468396043
824,4.319038396,0.48796544
825,-2.260993952,1.164830064
826,-0.458915705,1.304257249
827,-2.12342071,-4.314566756
828,-1.048515315,1.184475755
829,-3.659034724,0.915074205
830,0.68756867,0.415570115
831,-3.881050105,0.939904069
832,-2.442741389,-0.436160231
833,-1.623588557,0.732861375
834,-3.620201106,0.257740831
835,0.768821722,1.542282915
836,-2.448249812,0.273808336
837,-2.117942805,1.253155565
838,-2.448249812,-0.274722243
839,-2.497825617,0.139355516
840,-4.794227595,1.934964036
841,-3.188133234,1.294300889
842,-3.642387385,0.910317277
843,-4.29251861,1.680584764
844,-0.879081721,1.251839494
845,0.952796941,0.142422532
846,-2.679817194,0.388878679
847,0.134254461,-0.453250075
848,-2.437202448,0.668572282
849,-2.906150813,2.095166063
850,0.237449651,0.62254033
851,-1.563255305,1.934109544
852,-1.01026153,1.190861558
853,-1.39333343,0.017720079
854,0.925758367,-0.654261733
855,0.253746038,-0.493804122
856,-1.672950739,-1.02607646
857,-0.104957575,-1.2466537
858,-1.744316096,2.089424943
859,-3.853294367,1.576596116
860,-3.320960993,1.805729722
861,-1.804664607,1.410763597
862,1.158226018,-0.235049391
863,-4.749580378,0.584851121
864,-2.67432403,0.818333482
865,-4.29251861,-1.525149489
866,-4.324043269,1.826134538
867,0.427391058,1.117543077
868,0.693000799,0.905548906
869,0.644233709,1.592255449
870,1.945411687,-0.31104579
871,2.654243475,-1.488185073
872,-1.821144099,0.388241624
873,-2.492332453,0.57050023
874,12.18198395,0.97908101
875,-3.431739802,2.261391496
876,3.64850617,1.330818986
877,1.643852239,0.475529527
878,1.039314275,0.995365953
879,2.927375799,1.46995244
880,2.165855413,0.530358171
881,-1.431678767,2.472859239
882,0.052726751,1.814965104
883,1.304084783,1.293469285
884,0.898719793,1.694531297
885,10.96451569,0.457806444
886,1.244682317,1.785511827
887,1.509117132,0.525299882
888,2.514823919,0.900750017
889,3.26959992,0.94814763
890,0.925758367,0.781887865
891,0.351432806,2.565689897
892,1.762367254,2.442128038
893,0.400276189,2.110443925
894,1.293251043,0.848156785
895,3.712455755,0.331032609
896,4.467720037,-0.18516841
897,1.966911321,0.472386217
898,0.226570135,0.544632768
899,1.223060613,-0.245070601
900,0.720069891,0.019337511
901,3.568504339,0.493912553
902,-2.624656672,1.530499315
903,-0.737098689,0.648583269
904,1.44437409,-0.077593947
905,-2.93378448,-2.990458632
906,-1.535820002,-4.92180934
907,-0.873634333,-2.533641005
908,1.622322088,1.586998796
909,0.59545136,0.611046647
910,-2.696372981,1.612789964
911,3.248222356,0.471127366
912,3.290946966,1.02942357
913,1.923866277,0.638695573
914,1.433601385,-0.229960585
915,-0.491600031,0.910923814
916,3.403083807,-0.1766006
917,6.190330511,-0.520194197
918,2.241081243,-0.854952956
919,1.80008698,-0.466319228
920,0.443672185,0.346863603
921,-1.086784357,1.592850542
922,1.341850286,-3.017882491
923,-4.565498347,-0.958171034
924,-3.337577815,-2.499762679
925,-5.829933161,-0.410948897
926,-3.981040949,-0.790278578
927,-5.555030817,-0.701190138
928,-1.179801936,-0.915270949
929,-3.343086237,-1.258086348
930,-4.732841486,0.023903703
931,-5.801872248,-1.714499617
932,-4.855644221,-0.270999098
933,-4.626838679,-1.227355147
934,-1.459098811,-2.074092055
935,-2.035438532,-1.491233016
936,-3.320960993,-1.246325636
937,-5.869255061,-0.948905135
938,-5.627922053,-1.302718306
939,-6.290946955,-1.56111064
940,-4.917076106,1.507157182
941,-3.808876032,-0.707942153
942,-4.576637263,-0.587081099
943,-6.860420222,0.602566575
944,-6.606483454,0.478123521
945,-8.579917902,1.052426195
946,3.071815496,1.323223924
947,-3.354194636,-0.581725264
948,-2.481300349,-1.189345503
949,-5.258140559,-0.414584303
950,-7.369407649,-0.256072188
951,-3.387397761,0.220333909
952,-4.771888728,0.987171983
953,-3.975502009,-0.422648573
954,-7.199577326,1.247620439
955,-5.577461237,-0.686312819
956,-3.320960993,0.682736253
957,-4.398323054,0.615597581
958,-3.177040095,-0.790873671
959,-2.558479304,-0.320552016
960,-3.797737116,-1.724501753
961,-3.819969172,-0.504450942
962,-1.032112116,0.658696031
963,12.0085373,-1.54851451
964,-3.992179865,-3.375712538
965,0.090766912,0.382889604
966,0.709251409,0.893624162
967,3.355049139,0.810288286
968,-1.13602447,-1.4839355
969,2.975547796,1.168057298
970,4.042594915,0.477242326
971,1.616920476,0.636936998
972,0.790458684,1.459423875
973,0.557533269,-5.484568739
974,-0.944663996,1.254322862
975,2.300163274,0.400074815
976,1.848548894,1.42081151
977,1.066368108,1.206078386
978,3.94147492,0.50478444
979,4.3774643,-0.142436171
980,13.4578476,1.128514146
981,2.310890203,0.137577867
982,1.50371552,0.330658769
983,1.859306341,0.134526109
984,-2.172935481,0.635758256
985,-0.835380549,1.057938432
986,-1.766242976,0.359566545
987,-0.284568781,-1.106333876
988,-0.644325251,-1.127738143
989,-1.196220393,-0.182345534
990,-2.316032404,0.662636613
991,-2.917228693,1.99577794
992,-2.978019709,1.715233659
993,-1.700370783,1.443772172
994,-2.746040339,1.950116014
995,-1.804664607,1.461151933
996,0.438240057,0.889092302
997,1.848548894,-0.990641738
998,-0.246467585,-0.451674605
999,-2.77362823,0.653687333
1000,-1.37140655,1.641980028
1001,-3.897712702,1.22121129
1002,-4.286933894,1.938614702
1003,-4.092231745,0.921871995
1004,-1.667472834,0.697750902
1005,2.4397049,0.09986577
1006,1.039314275,-0.737532759
1007,-1.579689021,0.354946947
1008,-0.001625056,0.999962663
1009,-3.049858088,1.722771501
1010,-3.476066584,-5.038699294
1011,-4.125602717,1.120472764
1012,-2.663261408,0.219929552
1013,-2.652229304,0.73696599
1014,0.096199041,0.2231606
1015,1.374244695,-1.334178114
1016,-2.768104548,0.566395616
1017,-2.371116633,1.978855943
1018,0.584632879,0.585301256
1019,-2.735008234,0.251583909
1020,-2.360115046,0.759789323
1021,-1.365959162,1.154232835
1022,-1.431678767,1.53484807
1023,-1.72234344,1.664715623
1024,-3.09960174,1.689843034
1025,-4.29807281,-4.591010237
1026,-1.26190948,0.245411729
1027,0.546699529,0.145851945
1028,1.649253851,-0.323626662
1029,0.155967718,-0.509287978
1030,-4.476325983,2.804356431
1031,-3.21024322,0.260357713
1032,-2.068428034,1.571469163
1033,-1.305702204,1.230797624
1034,-3.071952815,-0.261222029
1035,-0.246467585,-1.529540206
1036,-4.242424006,1.145779466
1037,-2.922737116,1.144097185
1038,-1.612602229,1.323067521
1039,-1.037590022,-1.429213667
1040,-2.051933283,0.934868669
1041,-1.513908381,0.639702653
1042,-3.675651545,1.152508592
1043,-0.230140681,-1.732924605
1044,-6.324729914,1.370945787
1045,15.34380341,-0.29088893
1046,-2.492332453,0.458954667
1047,-2.701896662,0.357113695
1048,-4.348182673,1.053196763
1049,-2.503349299,0.037384843
1050,-1.475517268,0.462990617
1051,-0.922782893,-0.392222548
1052,-2.360115046,-1.841807509
1053,-6.471168513,1.2156075
1054,-2.784675593,-0.748660231
1055,-1.766242976,0.107773637
1056,-3.138328547,0.510933732
1057,-1.947502131,0.744171953
1058,-1.174339289,-1.126097823
1059,-2.459266657,-1.868189955
1060,-2.18944549,-1.683066512
1061,-4.131141657,0.181191301
1062,-5.627922053,1.861489152
1063,-3.298805232,1.812367296
1064,-2.062919611,0.301586961
1065,-1.777229304,0.229851579
1066,-1.755287165,-0.909445906
1067,-0.933738703,-1.316409255
1068,-4.481880183,0.808567857
1069,-3.625755305,0.272045946
1070,6.227149969,-1.126467848
1071,-2.652229304,0.672047471
1072,-2.624656672,1.366894578
1073,-1.93100738,1.606938219
1074,-1.71137237,0.48273549
1075,-1.738807673,-0.91802516
1076,-2.42067718,-0.516768599
1077,0.313423162,-1.13545909
1078,-2.812294001,-0.206759596
1079,-3.453895564,1.403820848
1080,-5.622322077,0.811024522
1081,-4.40946197,-0.454379225
1082,-4.476325983,1.921337938
1083,-4.587791438,1.100960588
1084,-3.332038874,-2.086913252
1085,-2.448249812,0.66179738
1086,-1.491966242,-1.884097243
1087,-4.170082087,-0.851679946
1088,-4.498603816,0.71951375
1089,-4.092231745,0.774144029
1090,-2.757072443,0.791230058
1091,-2.723945612,2.195633745
1092,-5.375740046,1.527802324
1093,-2.790199274,0.543553209
1094,-1.651008601,0.617955064
1095,-0.017936701,-1.017535353
1096,-1.667472834,-1.32906642
1097,0.090766912,-1.483161116
1098,-5.987220759,-4.218688155
1099,-4.554359431,1.141266679
1100,-3.415122981,1.264702653
1101,-4.978538508,-2.068198348
1102,-2.415184016,-0.213652754
1103,-1.092277522,-0.307013655
1104,-1.914527888,-0.660903121
1105,-2.646705622,0.139984941
1106,-0.181144709,-0.899035597
1107,-3.736686701,0.222164964
1108,-3.127281184,-0.263739729
1109,-1.092277522,-0.033553267
1110,-4.320350642,-0.076331282
1111,1.606147771,-0.487807417
1112,-2.59708404,-0.664721633
1113,-4.872398371,-0.527720595
1114,-0.186592097,-1.024897719
1115,-1.119606013,-2.246432448
1116,-2.040946955,0.423680162
1117,-4.331474299,1.572090959
1118,-1.651008601,0.14667592
1119,-2.795738215,0.1738976
1120,-4.092231745,1.761196947
1121,-3.786659235,0.519825792
1122,-2.762611384,0.722538804
1123,-2.657768244,0.033520555
1124,-1.991462702,0.581410264
1125,-1.185279841,0.40128026
1126,-0.458915705,-1.163203383
1127,-1.50295257,-0.418532515
1128,-3.964363093,-1.69493785
1129,-3.981040949,-0.382792616
1130,-3.586921687,-1.28874507
1131,-4.008827204,-0.32528987
1132,-2.354591364,0.559887742
1133,-3.675651545,0.036946153
1134,-4.984107966,1.206326341
1135,-2.630180354,0.100544786
1136,-2.575019831,-0.939963484
1137,-2.823326106,-0.543719435
1138,-3.094093317,-0.107989455
1139,-3.847724909,1.115498399
1140,-2.343589777,-0.03295436
1141,7.620979314,0.40379033
1142,-4.131141657,0.165051317
1143,3.323005682,-0.609809065
1144,8.053840643,1.241276597
1145,6.316535955,0.684876298
1146,4.122383123,0.652836656
1147,5.711051946,0.787342882
1148,6.232414251,0.71238408
1149,5.08248139,0.209229326
1150,3.888252264,0.460072374
1151,2.798896795,1.101883745
1152,2.380668645,1.77110753
1153,4.441185003,2.483090257
1154,3.392417913,2.161557054
1155,5.500007635,1.8521317
1156,5.10364533,0.318852281
1157,5.325706487,1.36599431
1158,5.235847478,1.443688249
1159,5.02954865,1.787224626
1160,-5.375740046,1.577629899
1161,-2.024452204,-0.826884413
1162,-2.200447077,-1.499438429
1163,-3.7422409,-1.947692061
1164,-5.386924738,0.149075365
1165,-5.869255061,0.623997545
1166,-5.174232478,0.021389818
1167,-5.84116363,-1.658251906
1168,-5.174232478,0.369305467
1169,-2.900657649,-0.474711562
1170,-4.325935358,-0.716319228
1171,-3.581398005,-1.222430373
1172,-4.164512629,-0.974349166
1173,-6.911262507,-0.734347487
1174,-2.83989715,-0.328543807
1175,-2.624656672,0.301613664
1176,-6.18402862,0.658917283
1177,-7.182609553,-0.114512587
1178,-5.392539973,0.58688054
1179,-2.305015559,0.342495775
1180,-3.143867487,-1.069903517
1181,-2.679817194,-1.302058364
1182,-4.682609553,-0.291220809
1183,-3.426185603,-0.447680617
1184,-3.903251643,0.791375017
1185,-6.775733942,-0.225608016
1186,-4.58222198,0.13237462
1187,-2.762611384,-0.508151198
1188,-1.283790583,-0.269137526
1189,0.112510686,-1.491217757
1190,15.37891388,-0.256411696
1191,-5.291740412,0.1515244
1192,-6.617759699,-0.18478694
1193,-3.431739802,0.176083421
1194,-3.664558405,0.429806566
1195,-3.892158503,1.133137559
1196,-3.022224421,-0.318427229
1197,-0.578849787,-1.13262477
1198,-4.509773249,0.835274553
1199,-2.018943781,0.441994523
1200,-4.342613215,0.458844041
1201,-3.969932551,0.695298051
1202,-2.978019709,0.9212502
1203,-2.536430354,1.331375932
1204,-3.365257258,0.462216234
1205,-3.442817683,0.797928667
1206,-2.431724543,0.157612657
1207,-2.062919611,0.019341325
1208,-2.497825617,0.074906206
1209,-2.845405573,0.198601579
1210,-1.887062067,0.118367052
1211,-2.101432795,0.014897203
1212,-1.672950739,0.434418535
1213,-4.654716486,0.402634477
1214,-3.138328547,0.069046831
1215,-4.721672053,0.364888048
1216,-1.881553645,-0.35981288
1217,-1.272850031,-0.602843428
1218,-3.453895564,-0.457518721
1219,-2.090415949,0.091461992
1220,-4.120018,0.889084672
1221,-3.044319148,0.586228227
1222,12.4469986,0.154461717
1223,-3.199195857,-0.491927291
1224,-3.964363093,-0.129389906
1225,-3.165992732,-0.527072096
1226,-2.393135066,-1.119654799
1227,-1.760749812,-1.868189955
1228,-3.575828547,-0.337268019
1229,-6.386680598,1.26827321
1230,-4.716087336,1.204682207
1231,-3.814399714,0.390011644
1232,-3.271125788,1.034420823
1233,-5.095924372,0.482968187
1234,0.01468659,-0.063586379
1235,1.557624822,-1.300486708
1236,-0.977455134,-1.072108412
1237,-1.355003352,-0.927001143
1238,-2.746040339,0.311749315
1239,-3.764457697,1.250443315
1240,-2.459266657,0.805497026
1241,-2.035438532,-0.748194838
1242,-0.328132624,-1.180712844
1243,-3.758903498,-0.001151229
1244,-2.211448664,0.146542406
1245,-3.354194636,1.087563371
1246,-3.703422541,0.197476243
1247,-2.360115046,-0.040652419
1248,-0.20835113,-0.612456465
1249,0.590049749,-0.669367934
1250,-1.980476374,-1.229773665
1251,-2.740501399,-0.506251479
1252,-4.682609553,0.998780107
1253,-2.867515559,0.591240739
1254,-3.326484675,2.293228959
1255,-1.881553645,0.857663011
1256,1.120414739,0.928490495
1257,-1.513908381,0.909447526
1258,-0.159385676,-0.320723677
1259,-2.024452204,0.456860399
1260,-4.053306574,0.954415178
1261,-0.879081721,-0.850436354
1262,-1.491966242,-0.06766429
1263,-1.607139582,-1.306288863
1264,-0.039710993,0.383572435
1265,-2.994560236,0.507637834
1266,-3.066444392,0.405396318
1267,-2.18944549,1.192059373
1268,-1.771751399,-4.798880721
1269,5.969276434,-4.368033553
1270,-1.283790583,0.355728959
1271,-3.7422409,0.775284624
1272,9.180900579,1.350777482
1273,-4.231300349,0.240849351
1274,-2.079429621,-0.128733779
1275,0.947410589,-0.713156844
1276,-4.359321589,0.960236406
1277,-3.864387507,1.44039998
1278,12.79299164,0.580880021
1279,-4.933845515,1.28345952
1280,-3.548118586,0.920052385
1281,-3.592460627,-5.38168254
1282,-4.387184138,-0.740275527
1283,-3.775550837,1.575436448
1284,-0.099540705,2.305832719
1285,3.472496038,0.851933336
1286,4.148963934,1.543461656
1287,3.210823064,2.404885148
1288,3.023674017,2.507130479
1289,4.303123479,2.814305162
1290,6.216636663,2.48890767
1291,6.66841889,1.974461412
1292,5.225288396,1.13992772
1293,5.805976873,0.654564714
1294,-2.079429621,1.013283586
1295,-0.928260798,-0.613482619
1296,0.676750188,0.451603746
1297,-2.035438532,0.197670793
1298,-2.591560358,1.353493547
1299,-2.453742976,-0.770671034
1300,-2.316032404,-0.350955153
1301,-1.338569636,-0.539897109
1302,-4.114448542,0.589508867
1303,-4.242424006,-0.373824263
1304,-1.963981623,1.111603593
1305,-1.793693537,0.632832384
1306,0.275444036,0.168934678
1307,-1.843132014,-0.372637892
1308,-1.152442927,-0.267207289
1309,-0.617042536,0.56685338
1310,-3.675651545,0.246189927
1311,-1.766242976,1.065598344
1312,-0.540687556,1.025296068
1313,-0.540687556,0.251717424
1314,-0.726203913,-0.351435805
1315,-0.584312434,-1.05348506
1316,-5.655952448,1.672974443
1317,-2.652229304,0.093193864
1318,-2.299537653,-5.345660353
1319,-2.834373469,1.879582261
1320,-1.26190948,0.555661058
1321,16.3999405,2.043568468
1322,-2.966941828,1.501000261
1323,-1.936515803,1.32717595
1324,0.920341497,1.359600877
1325,2.079856878,1.378723955
1326,1.476737981,1.289048051
1327,0.058174139,1.312764024
1328,0.763404851,0.856781816
1329,0.747154241,0.401188707
1330,2.079856878,0.79209218
1331,-1.10868072,2.463883256
1332,2.632789617,1.806019639
1333,4.170249944,0.749844407
1334,4.345619207,0.107266282
1335,2.879203802,0.387001848
1336,2.348457342,0.982308244
1337,0.340583807,1.864846086
1338,2.06911469,1.588658189
1339,3.002296453,-0.42439189
1340,2.203468328,-0.291560317
1341,-1.398826594,1.253887987
1342,0.221153265,1.3549088
1343,0.795890813,2.722454881
1344,1.304084783,1.422688341
1345,0.155967718,2.189316606
1346,2.579185491,1.690201616
1347,2.873863226,0.414021348
1348,-0.62795257,-0.156092787
1349,1.945411687,1.762768602
1350,-0.617042536,2.399624681
1351,-1.004783625,-4.125319625
1352,-1.97498321,0.608628129
1353,1.125831609,0.564827775
1354,3.119956976,0.032490587
1355,1.746208196,0.486290788
1356,2.616706853,0.671414232
1357,2.015327459,1.044278001
1358,0.036415105,0.935032701
1359,2.43138886,1.522202348
1360,3.061134344,0.351754045
1361,3.749778753,-0.081633711
1362,2.4397049,-0.355471755
1363,2.943443304,0.364601945
1364,2.809593206,1.109219407
1365,1.35263825,0.854313707
1366,1.595375066,1.068592882
1367,1.62770844,1.214646196
1368,2.203468328,1.944912767
1369,-0.922782893,1.772183275
1370,1.006904607,2.785042619
1371,1.374244695,1.838700151
1372,4.483650213,1.390930986
1373,3.00762177,-0.815703536
1374,-0.551582331,2.106785631
1375,1.277061468,1.755268907
1376,-3.83663177,-3.412753249
1377,6.510948186,-0.769774581
1378,1.260856634,0.02967534
1379,1.977684026,0.880532121
1380,2.224967962,-0.457453871
1381,2.847068792,-0.6375381
1382,-1.952995295,-2.496504927
1383,11.6151352,1.905194139
1384,0.87166596,0.093197679
1385,1.740852361,0.178898668
1386,2.133613592,1.14220128
1387,3.050453191,1.1202744
1388,-0.279151911,0.530541276
1389,1.73545075,1.335610246
1390,1.325660711,2.11587224
1391,2.88993073,1.440880632
1392,-0.110404963,-0.417056227
1393,4.462440496,0.484288072
1394,0.487052923,1.328266954
1395,2.241081243,0.59123311
1396,1.266258245,1.811669206
1397,1.455162054,0.907288408
1398,1.832405096,0.981835222
1399,1.832405096,0.937298631
1400,3.829673772,-1.192996169
1401,8.397300726,1.697209215
1402,0.909523016,1.189740037
1403,-1.568717951,1.469921922
1404,15.55446625,-2.700335646
1405,-1.771751399,0.831375932
1406,-2.690864558,0.627312517
1407,-0.578849787,0.362320756
1408,-0.268226618,0.111183977
1409,-0.671592707,-1.557864333
1410,1.39043427,-1.657473708
1411,0.232002264,-1.557070876
1412,-0.677070612,-0.747347975
1413,-0.159385676,-0.515238906
1414,-1.152442927,-0.992869521
1415,-1.278343195,-0.947375441
1416,-3.237907404,0.414536333
1417,-2.128929133,0.832856035
1418,-1.01026153,0.68775258
1419,-1.623588557,1.617630815
1420,-3.636833186,1.956017351
1421,-1.793693537,-0.183531905
1422,-1.42621612,0.457829332
1423,-3.598030085,0.648075914
1424,-3.160438532,-0.269805098
1425,-1.530357356,1.41822133
1426,-3.381874079,1.264820909
1427,-3.105140681,0.211964464
1428,-3.387397761,-0.214755202
1429,-1.760749812,1.041424608
1430,-1.464561457,0.405773973
1431,-1.294761652,0.762135362
1432,-1.837623591,0.486759996
1433,0.117942815,0.682167863
1434,-2.503349299,-0.560092116
1435,-2.802177424,-4.800490523
1436,2.72927094,0.197689866
1437,-2.448249812,0.043957567
1438,0.481620794,-2.696791792
1439,-5.067970271,-2.030230666
1440,-9.053901667,-0.796885634
1441,-9.294197077,-5.49243846
